<?xml version="1.0" encoding="utf-8"?>
<!-- Generated by PRONEXUS WORKS -->
<link:linkbase xmlns:link="http://www.xbrl.org/2003/linkbase" xmlns:xsi="http://www.w3.org/2001/XMLSchema-instance" xmlns:xbrli="http://www.xbrl.org/2003/instance" xmlns:xlink="http://www.w3.org/1999/xlink">
  <link:labelLink xlink:type="extended" xlink:role="http://www.xbrl.org/2003/role/link">
    <link:loc xlink:type="locator" xlink:href="jpcrp040300-q3r-001_E02956-000_2015-02-20_01_2015-04-03.xsd#jpcrp040300-q3r_E02956-000_ReceiptFeeNOI" xlink:label="ReceiptFeeNOI" />
    <link:loc xlink:type="locator" xlink:href="jpcrp040300-q3r-001_E02956-000_2015-02-20_01_2015-04-03.xsd#jpcrp040300-q3r_E02956-000_ProvisionForBonusesOpeCF" xlink:label="ProvisionForBonusesOpeCF" />
    <link:loc xlink:type="locator" xlink:href="jpcrp040300-q3r-001_E02956-000_2015-02-20_01_2015-04-03.xsd#jpcrp040300-q3r_E02956-000_AccruedPensionCostOpeCF" xlink:label="AccruedPensionCostOpeCF" />
    <link:loc xlink:type="locator" xlink:href="jpcrp040300-q3r-001_E02956-000_2015-02-20_01_2015-04-03.xsd#jpcrp040300-q3r_E02956-000_ProvisionForDirectorsRetirementBenefitsOpeCF" xlink:label="ProvisionForDirectorsRetirementBenefitsOpeCF" />
    <link:loc xlink:type="locator" xlink:href="jpcrp040300-q3r-001_E02956-000_2015-02-20_01_2015-04-03.xsd#jpcrp040300-q3r_E02956-000_IncreaseDecreaseInNetDefinedBenefitLiabilityOpeCF" xlink:label="IncreaseDecreaseInNetDefinedBenefitLiabilityOpeCF" />
    <link:label xlink:type="resource" xlink:label="label_ReceiptFeeNOI" xml:lang="en" xlink:role="http://www.xbrl.org/2003/role/label" id="label_ReceiptFeeNOI">Receipt fee</link:label>
    <link:labelArc xlink:type="arc" xlink:arcrole="http://www.xbrl.org/2003/arcrole/concept-label" xlink:from="ReceiptFeeNOI" xlink:to="label_ReceiptFeeNOI" />
    <link:label xlink:type="resource" xlink:label="label_ReceiptFeeNOI_2" xml:lang="en" xlink:role="http://www.xbrl.org/2003/role/verboseLabel" id="label_ReceiptFeeNOI_2">Receipt fee-NOI</link:label>
    <link:labelArc xlink:type="arc" xlink:arcrole="http://www.xbrl.org/2003/arcrole/concept-label" xlink:from="ReceiptFeeNOI" xlink:to="label_ReceiptFeeNOI_2" />
    <link:label xlink:type="resource" xlink:label="label_ProvisionForBonusesOpeCF" xml:lang="en" xlink:role="http://www.xbrl.org/2003/role/label" id="label_ProvisionForBonusesOpeCF">Provision for bonuses</link:label>
    <link:labelArc xlink:type="arc" xlink:arcrole="http://www.xbrl.org/2003/arcrole/concept-label" xlink:from="ProvisionForBonusesOpeCF" xlink:to="label_ProvisionForBonusesOpeCF" />
    <link:label xlink:type="resource" xlink:label="label_ProvisionForBonusesOpeCF_2" xml:lang="en" xlink:role="http://www.xbrl.org/2003/role/verboseLabel" id="label_ProvisionForBonusesOpeCF_2">Provision for bonuses-OpeCF</link:label>
    <link:labelArc xlink:type="arc" xlink:arcrole="http://www.xbrl.org/2003/arcrole/concept-label" xlink:from="ProvisionForBonusesOpeCF" xlink:to="label_ProvisionForBonusesOpeCF_2" />
    <link:label xlink:type="resource" xlink:label="label_AccruedPensionCostOpeCF" xml:lang="en" xlink:role="http://www.xbrl.org/2003/role/label" id="label_AccruedPensionCostOpeCF">Accrued pension cost</link:label>
    <link:labelArc xlink:type="arc" xlink:arcrole="http://www.xbrl.org/2003/arcrole/concept-label" xlink:from="AccruedPensionCostOpeCF" xlink:to="label_AccruedPensionCostOpeCF" />
    <link:label xlink:type="resource" xlink:label="label_AccruedPensionCostOpeCF_2" xml:lang="en" xlink:role="http://www.xbrl.org/2003/role/verboseLabel" id="label_AccruedPensionCostOpeCF_2">Accrued pension cost-OpeCF</link:label>
    <link:labelArc xlink:type="arc" xlink:arcrole="http://www.xbrl.org/2003/arcrole/concept-label" xlink:from="AccruedPensionCostOpeCF" xlink:to="label_AccruedPensionCostOpeCF_2" />
    <link:label xlink:type="resource" xlink:label="label_ProvisionForDirectorsRetirementBenefitsOpeCF" xml:lang="en" xlink:role="http://www.xbrl.org/2003/role/label" id="label_ProvisionForDirectorsRetirementBenefitsOpeCF">Provision for directors' retirement benefits</link:label>
    <link:labelArc xlink:type="arc" xlink:arcrole="http://www.xbrl.org/2003/arcrole/concept-label" xlink:from="ProvisionForDirectorsRetirementBenefitsOpeCF" xlink:to="label_ProvisionForDirectorsRetirementBenefitsOpeCF" />
    <link:label xlink:type="resource" xlink:label="label_ProvisionForDirectorsRetirementBenefitsOpeCF_2" xml:lang="en" xlink:role="http://www.xbrl.org/2003/role/verboseLabel" id="label_ProvisionForDirectorsRetirementBenefitsOpeCF_2">Provision for directors' retirement benefits-OpeCF</link:label>
    <link:labelArc xlink:type="arc" xlink:arcrole="http://www.xbrl.org/2003/arcrole/concept-label" xlink:from="ProvisionForDirectorsRetirementBenefitsOpeCF" xlink:to="label_ProvisionForDirectorsRetirementBenefitsOpeCF_2" />
    <link:label xlink:type="resource" xlink:label="label_IncreaseDecreaseInNetDefinedBenefitLiabilityOpeCF" xml:lang="en" xlink:role="http://www.xbrl.org/2003/role/label" id="label_IncreaseDecreaseInNetDefinedBenefitLiabilityOpeCF">Increase (decrease) in net defined benefit liability</link:label>
    <link:labelArc xlink:type="arc" xlink:arcrole="http://www.xbrl.org/2003/arcrole/concept-label" xlink:from="IncreaseDecreaseInNetDefinedBenefitLiabilityOpeCF" xlink:to="label_IncreaseDecreaseInNetDefinedBenefitLiabilityOpeCF" />
    <link:label xlink:type="resource" xlink:label="label_IncreaseDecreaseInNetDefinedBenefitLiabilityOpeCF_2" xml:lang="en" xlink:role="http://www.xbrl.org/2003/role/verboseLabel" id="label_IncreaseDecreaseInNetDefinedBenefitLiabilityOpeCF_2">Increase (decrease) in net defined benefit liability-OpeCF</link:label>
    <link:labelArc xlink:type="arc" xlink:arcrole="http://www.xbrl.org/2003/arcrole/concept-label" xlink:from="IncreaseDecreaseInNetDefinedBenefitLiabilityOpeCF" xlink:to="label_IncreaseDecreaseInNetDefinedBenefitLiabilityOpeCF_2" />
  </link:labelLink>
</link:linkbase>