<?xml version="1.0" encoding="utf-8"?>
<!-- Generated by PRONEXUS WORKS -->
<link:linkbase xmlns:link="http://www.xbrl.org/2003/linkbase" xmlns:xsi="http://www.w3.org/2001/XMLSchema-instance" xmlns:xbrli="http://www.xbrl.org/2003/instance" xmlns:xlink="http://www.w3.org/1999/xlink">
  <link:roleRef xlink:type="simple" roleURI="http://disclosure.edinet-fsa.go.jp/role/jppfs/rol_YearToQuarterEndConsolidatedStatementOfComprehensiveIncome" xlink:href="http://disclosure.edinet-fsa.go.jp/taxonomy/jppfs/2013-08-31/jppfs_rt_2013-08-31.xsd#rol_YearToQuarterEndConsolidatedStatementOfComprehensiveIncome" />
  <link:roleRef xlink:type="simple" roleURI="http://disclosure.edinet-fsa.go.jp/role/jppfs/rol_YearToQuarterEndConsolidatedStatementOfIncome" xlink:href="http://disclosure.edinet-fsa.go.jp/taxonomy/jppfs/2013-08-31/jppfs_rt_2013-08-31.xsd#rol_YearToQuarterEndConsolidatedStatementOfIncome" />
  <link:roleRef xlink:type="simple" roleURI="http://disclosure.edinet-fsa.go.jp/role/jppfs/rol_QuarterlyConsolidatedBalanceSheet" xlink:href="http://disclosure.edinet-fsa.go.jp/taxonomy/jppfs/2013-08-31/jppfs_rt_2013-08-31.xsd#rol_QuarterlyConsolidatedBalanceSheet" />
  <link:calculationLink xlink:type="extended" xlink:role="http://disclosure.edinet-fsa.go.jp/role/jppfs/rol_QuarterlyConsolidatedBalanceSheet">
    <link:loc xlink:type="locator" xlink:href="http://disclosure.edinet-fsa.go.jp/taxonomy/jppfs/2013-08-31/jppfs_cor_2013-08-31.xsd#jppfs_cor_Assets" xlink:label="Assets" />
    <link:loc xlink:type="locator" xlink:href="http://disclosure.edinet-fsa.go.jp/taxonomy/jppfs/2013-08-31/jppfs_cor_2013-08-31.xsd#jppfs_cor_CurrentAssets" xlink:label="CurrentAssets_2" />
    <link:calculationArc xlink:type="arc" weight="1" xlink:arcrole="http://www.xbrl.org/2003/arcrole/summation-item" xlink:from="Assets" xlink:to="CurrentAssets_2" order="1.0" />
    <link:loc xlink:type="locator" xlink:href="http://disclosure.edinet-fsa.go.jp/taxonomy/jppfs/2013-08-31/jppfs_cor_2013-08-31.xsd#jppfs_cor_CurrentAssets" xlink:label="CurrentAssets" />
    <link:loc xlink:type="locator" xlink:href="http://disclosure.edinet-fsa.go.jp/taxonomy/jppfs/2013-08-31/jppfs_cor_2013-08-31.xsd#jppfs_cor_CashAndDeposits" xlink:label="CashAndDeposits" />
    <link:calculationArc xlink:type="arc" weight="1" xlink:arcrole="http://www.xbrl.org/2003/arcrole/summation-item" xlink:from="CurrentAssets" xlink:to="CashAndDeposits" order="1.0" />
    <link:loc xlink:type="locator" xlink:href="http://disclosure.edinet-fsa.go.jp/taxonomy/jppfs/2013-08-31/jppfs_cor_2013-08-31.xsd#jppfs_cor_AccountsReceivableTrade" xlink:label="AccountsReceivableTrade" />
    <link:calculationArc xlink:type="arc" weight="1" xlink:arcrole="http://www.xbrl.org/2003/arcrole/summation-item" xlink:from="CurrentAssets" xlink:to="AccountsReceivableTrade" order="3.0" />
    <link:loc xlink:type="locator" xlink:href="http://disclosure.edinet-fsa.go.jp/taxonomy/jppfs/2013-08-31/jppfs_cor_2013-08-31.xsd#jppfs_cor_MerchandiseAndFinishedGoods" xlink:label="MerchandiseAndFinishedGoods" />
    <link:calculationArc xlink:type="arc" weight="1" xlink:arcrole="http://www.xbrl.org/2003/arcrole/summation-item" xlink:from="CurrentAssets" xlink:to="MerchandiseAndFinishedGoods" order="5.0" />
    <link:loc xlink:type="locator" xlink:href="http://disclosure.edinet-fsa.go.jp/taxonomy/jppfs/2013-08-31/jppfs_cor_2013-08-31.xsd#jppfs_cor_WorkInProcess" xlink:label="WorkInProcess" />
    <link:calculationArc xlink:type="arc" weight="1" xlink:arcrole="http://www.xbrl.org/2003/arcrole/summation-item" xlink:from="CurrentAssets" xlink:to="WorkInProcess" order="6.0" />
    <link:loc xlink:type="locator" xlink:href="http://disclosure.edinet-fsa.go.jp/taxonomy/jppfs/2013-08-31/jppfs_cor_2013-08-31.xsd#jppfs_cor_RawMaterialsAndSupplies" xlink:label="RawMaterialsAndSupplies" />
    <link:calculationArc xlink:type="arc" weight="1" xlink:arcrole="http://www.xbrl.org/2003/arcrole/summation-item" xlink:from="CurrentAssets" xlink:to="RawMaterialsAndSupplies" order="7.0" />
    <link:loc xlink:type="locator" xlink:href="http://disclosure.edinet-fsa.go.jp/taxonomy/jppfs/2013-08-31/jppfs_cor_2013-08-31.xsd#jppfs_cor_DeferredTaxAssetsCA" xlink:label="DeferredTaxAssetsCA" />
    <link:calculationArc xlink:type="arc" weight="1" xlink:arcrole="http://www.xbrl.org/2003/arcrole/summation-item" xlink:from="CurrentAssets" xlink:to="DeferredTaxAssetsCA" order="8.0" />
    <link:loc xlink:type="locator" xlink:href="http://disclosure.edinet-fsa.go.jp/taxonomy/jppfs/2013-08-31/jppfs_cor_2013-08-31.xsd#jppfs_cor_OtherCA" xlink:label="OtherCA" />
    <link:calculationArc xlink:type="arc" weight="1" xlink:arcrole="http://www.xbrl.org/2003/arcrole/summation-item" xlink:from="CurrentAssets" xlink:to="OtherCA" order="9.0" />
    <link:loc xlink:type="locator" xlink:href="http://disclosure.edinet-fsa.go.jp/taxonomy/jppfs/2013-08-31/jppfs_cor_2013-08-31.xsd#jppfs_cor_AllowanceForDoubtfulAccountsCA" xlink:label="AllowanceForDoubtfulAccountsCA" />
    <link:calculationArc xlink:type="arc" weight="1" xlink:arcrole="http://www.xbrl.org/2003/arcrole/summation-item" xlink:from="CurrentAssets" xlink:to="AllowanceForDoubtfulAccountsCA" order="10.0" />
    <link:loc xlink:type="locator" xlink:href="http://disclosure.edinet-fsa.go.jp/taxonomy/jppfs/2013-08-31/jppfs_cor_2013-08-31.xsd#jppfs_cor_NoncurrentAssets" xlink:label="NoncurrentAssets_2" />
    <link:calculationArc xlink:type="arc" weight="1" xlink:arcrole="http://www.xbrl.org/2003/arcrole/summation-item" xlink:from="Assets" xlink:to="NoncurrentAssets_2" order="2.0" />
    <link:loc xlink:type="locator" xlink:href="http://disclosure.edinet-fsa.go.jp/taxonomy/jppfs/2013-08-31/jppfs_cor_2013-08-31.xsd#jppfs_cor_NoncurrentAssets" xlink:label="NoncurrentAssets" />
    <link:loc xlink:type="locator" xlink:href="http://disclosure.edinet-fsa.go.jp/taxonomy/jppfs/2013-08-31/jppfs_cor_2013-08-31.xsd#jppfs_cor_PropertyPlantAndEquipment" xlink:label="PropertyPlantAndEquipment_2" />
    <link:calculationArc xlink:type="arc" weight="1" xlink:arcrole="http://www.xbrl.org/2003/arcrole/summation-item" xlink:from="NoncurrentAssets" xlink:to="PropertyPlantAndEquipment_2" order="1.0" />
    <link:loc xlink:type="locator" xlink:href="http://disclosure.edinet-fsa.go.jp/taxonomy/jppfs/2013-08-31/jppfs_cor_2013-08-31.xsd#jppfs_cor_PropertyPlantAndEquipment" xlink:label="PropertyPlantAndEquipment" />
    <link:loc xlink:type="locator" xlink:href="http://disclosure.edinet-fsa.go.jp/taxonomy/jppfs/2013-08-31/jppfs_cor_2013-08-31.xsd#jppfs_cor_BuildingsAndStructuresNet" xlink:label="BuildingsAndStructuresNet" />
    <link:calculationArc xlink:type="arc" weight="1" xlink:arcrole="http://www.xbrl.org/2003/arcrole/summation-item" xlink:from="PropertyPlantAndEquipment" xlink:to="BuildingsAndStructuresNet" order="3.0" />
    <link:loc xlink:type="locator" xlink:href="http://disclosure.edinet-fsa.go.jp/taxonomy/jppfs/2013-08-31/jppfs_cor_2013-08-31.xsd#jppfs_cor_MachineryEquipmentAndVehiclesNet" xlink:label="MachineryEquipmentAndVehiclesNet" />
    <link:calculationArc xlink:type="arc" weight="1" xlink:arcrole="http://www.xbrl.org/2003/arcrole/summation-item" xlink:from="PropertyPlantAndEquipment" xlink:to="MachineryEquipmentAndVehiclesNet" order="7.0" />
    <link:loc xlink:type="locator" xlink:href="http://disclosure.edinet-fsa.go.jp/taxonomy/jppfs/2013-08-31/jppfs_cor_2013-08-31.xsd#jppfs_cor_Land" xlink:label="Land" />
    <link:calculationArc xlink:type="arc" weight="1" xlink:arcrole="http://www.xbrl.org/2003/arcrole/summation-item" xlink:from="PropertyPlantAndEquipment" xlink:to="Land" order="8.0" />
    <link:loc xlink:type="locator" xlink:href="http://disclosure.edinet-fsa.go.jp/taxonomy/jppfs/2013-08-31/jppfs_cor_2013-08-31.xsd#jppfs_cor_LeaseAssetsNetPPE" xlink:label="LeaseAssetsNetPPE" />
    <link:calculationArc xlink:type="arc" weight="1" xlink:arcrole="http://www.xbrl.org/2003/arcrole/summation-item" xlink:from="PropertyPlantAndEquipment" xlink:to="LeaseAssetsNetPPE" order="9.0" />
    <link:loc xlink:type="locator" xlink:href="http://disclosure.edinet-fsa.go.jp/taxonomy/jppfs/2013-08-31/jppfs_cor_2013-08-31.xsd#jppfs_cor_ConstructionInProgress" xlink:label="ConstructionInProgress" />
    <link:calculationArc xlink:type="arc" weight="1" xlink:arcrole="http://www.xbrl.org/2003/arcrole/summation-item" xlink:from="PropertyPlantAndEquipment" xlink:to="ConstructionInProgress" order="10.0" />
    <link:loc xlink:type="locator" xlink:href="http://disclosure.edinet-fsa.go.jp/taxonomy/jppfs/2013-08-31/jppfs_cor_2013-08-31.xsd#jppfs_cor_OtherNetPPE" xlink:label="OtherNetPPE" />
    <link:calculationArc xlink:type="arc" weight="1" xlink:arcrole="http://www.xbrl.org/2003/arcrole/summation-item" xlink:from="PropertyPlantAndEquipment" xlink:to="OtherNetPPE" order="11.0" />
    <link:loc xlink:type="locator" xlink:href="http://disclosure.edinet-fsa.go.jp/taxonomy/jppfs/2013-08-31/jppfs_cor_2013-08-31.xsd#jppfs_cor_IntangibleAssets" xlink:label="IntangibleAssets" />
    <link:calculationArc xlink:type="arc" weight="1" xlink:arcrole="http://www.xbrl.org/2003/arcrole/summation-item" xlink:from="NoncurrentAssets" xlink:to="IntangibleAssets" order="2.0" />
    <link:loc xlink:type="locator" xlink:href="http://disclosure.edinet-fsa.go.jp/taxonomy/jppfs/2013-08-31/jppfs_cor_2013-08-31.xsd#jppfs_cor_InvestmentsAndOtherAssets" xlink:label="InvestmentsAndOtherAssets_2" />
    <link:calculationArc xlink:type="arc" weight="1" xlink:arcrole="http://www.xbrl.org/2003/arcrole/summation-item" xlink:from="NoncurrentAssets" xlink:to="InvestmentsAndOtherAssets_2" order="3.0" />
    <link:loc xlink:type="locator" xlink:href="http://disclosure.edinet-fsa.go.jp/taxonomy/jppfs/2013-08-31/jppfs_cor_2013-08-31.xsd#jppfs_cor_InvestmentsAndOtherAssets" xlink:label="InvestmentsAndOtherAssets" />
    <link:loc xlink:type="locator" xlink:href="http://disclosure.edinet-fsa.go.jp/taxonomy/jppfs/2013-08-31/jppfs_cor_2013-08-31.xsd#jppfs_cor_InvestmentSecurities" xlink:label="InvestmentSecurities" />
    <link:calculationArc xlink:type="arc" weight="1" xlink:arcrole="http://www.xbrl.org/2003/arcrole/summation-item" xlink:from="InvestmentsAndOtherAssets" xlink:to="InvestmentSecurities" order="1.0" />
    <link:loc xlink:type="locator" xlink:href="http://disclosure.edinet-fsa.go.jp/taxonomy/jppfs/2013-08-31/jppfs_cor_2013-08-31.xsd#jppfs_cor_DeferredTaxAssetsIOA" xlink:label="DeferredTaxAssetsIOA" />
    <link:calculationArc xlink:type="arc" weight="1" xlink:arcrole="http://www.xbrl.org/2003/arcrole/summation-item" xlink:from="InvestmentsAndOtherAssets" xlink:to="DeferredTaxAssetsIOA" order="3.0" />
    <link:loc xlink:type="locator" xlink:href="http://disclosure.edinet-fsa.go.jp/taxonomy/jppfs/2013-08-31/jppfs_cor_2013-08-31.xsd#jppfs_cor_GuaranteeDepositsIOA" xlink:label="GuaranteeDepositsIOA" />
    <link:calculationArc xlink:type="arc" weight="1" xlink:arcrole="http://www.xbrl.org/2003/arcrole/summation-item" xlink:from="InvestmentsAndOtherAssets" xlink:to="GuaranteeDepositsIOA" order="4.0" />
    <link:loc xlink:type="locator" xlink:href="http://disclosure.edinet-fsa.go.jp/taxonomy/jppfs/2013-08-31/jppfs_cor_2013-08-31.xsd#jppfs_cor_OtherIOA" xlink:label="OtherIOA" />
    <link:calculationArc xlink:type="arc" weight="1" xlink:arcrole="http://www.xbrl.org/2003/arcrole/summation-item" xlink:from="InvestmentsAndOtherAssets" xlink:to="OtherIOA" order="5.0" />
    <link:loc xlink:type="locator" xlink:href="http://disclosure.edinet-fsa.go.jp/taxonomy/jppfs/2013-08-31/jppfs_cor_2013-08-31.xsd#jppfs_cor_AllowanceForDoubtfulAccountsIOAByGroup" xlink:label="AllowanceForDoubtfulAccountsIOAByGroup" />
    <link:calculationArc xlink:type="arc" weight="1" xlink:arcrole="http://www.xbrl.org/2003/arcrole/summation-item" xlink:from="InvestmentsAndOtherAssets" xlink:to="AllowanceForDoubtfulAccountsIOAByGroup" order="6.0" />
    <link:loc xlink:type="locator" xlink:href="http://disclosure.edinet-fsa.go.jp/taxonomy/jppfs/2013-08-31/jppfs_cor_2013-08-31.xsd#jppfs_cor_LiabilitiesAndNetAssets" xlink:label="LiabilitiesAndNetAssets" />
    <link:loc xlink:type="locator" xlink:href="http://disclosure.edinet-fsa.go.jp/taxonomy/jppfs/2013-08-31/jppfs_cor_2013-08-31.xsd#jppfs_cor_Liabilities" xlink:label="Liabilities_2" />
    <link:calculationArc xlink:type="arc" weight="1" xlink:arcrole="http://www.xbrl.org/2003/arcrole/summation-item" xlink:from="LiabilitiesAndNetAssets" xlink:to="Liabilities_2" order="1.0" />
    <link:loc xlink:type="locator" xlink:href="http://disclosure.edinet-fsa.go.jp/taxonomy/jppfs/2013-08-31/jppfs_cor_2013-08-31.xsd#jppfs_cor_Liabilities" xlink:label="Liabilities" />
    <link:loc xlink:type="locator" xlink:href="http://disclosure.edinet-fsa.go.jp/taxonomy/jppfs/2013-08-31/jppfs_cor_2013-08-31.xsd#jppfs_cor_CurrentLiabilities" xlink:label="CurrentLiabilities_2" />
    <link:calculationArc xlink:type="arc" weight="1" xlink:arcrole="http://www.xbrl.org/2003/arcrole/summation-item" xlink:from="Liabilities" xlink:to="CurrentLiabilities_2" order="1.0" />
    <link:loc xlink:type="locator" xlink:href="http://disclosure.edinet-fsa.go.jp/taxonomy/jppfs/2013-08-31/jppfs_cor_2013-08-31.xsd#jppfs_cor_CurrentLiabilities" xlink:label="CurrentLiabilities" />
    <link:loc xlink:type="locator" xlink:href="http://disclosure.edinet-fsa.go.jp/taxonomy/jppfs/2013-08-31/jppfs_cor_2013-08-31.xsd#jppfs_cor_AccountsPayableTrade" xlink:label="AccountsPayableTrade" />
    <link:calculationArc xlink:type="arc" weight="1" xlink:arcrole="http://www.xbrl.org/2003/arcrole/summation-item" xlink:from="CurrentLiabilities" xlink:to="AccountsPayableTrade" order="2.0" />
    <link:loc xlink:type="locator" xlink:href="http://disclosure.edinet-fsa.go.jp/taxonomy/jppfs/2013-08-31/jppfs_cor_2013-08-31.xsd#jppfs_cor_AccountsPayableOther" xlink:label="AccountsPayableOther" />
    <link:calculationArc xlink:type="arc" weight="1" xlink:arcrole="http://www.xbrl.org/2003/arcrole/summation-item" xlink:from="CurrentLiabilities" xlink:to="AccountsPayableOther" order="4.0" />
    <link:loc xlink:type="locator" xlink:href="http://disclosure.edinet-fsa.go.jp/taxonomy/jppfs/2013-08-31/jppfs_cor_2013-08-31.xsd#jppfs_cor_IncomeTaxesPayable" xlink:label="IncomeTaxesPayable" />
    <link:calculationArc xlink:type="arc" weight="1" xlink:arcrole="http://www.xbrl.org/2003/arcrole/summation-item" xlink:from="CurrentLiabilities" xlink:to="IncomeTaxesPayable" order="5.0" />
    <link:loc xlink:type="locator" xlink:href="http://disclosure.edinet-fsa.go.jp/taxonomy/jppfs/2013-08-31/jppfs_cor_2013-08-31.xsd#jppfs_cor_ProvisionForBonuses" xlink:label="ProvisionForBonuses" />
    <link:calculationArc xlink:type="arc" weight="1" xlink:arcrole="http://www.xbrl.org/2003/arcrole/summation-item" xlink:from="CurrentLiabilities" xlink:to="ProvisionForBonuses" order="7.0" />
    <link:loc xlink:type="locator" xlink:href="http://disclosure.edinet-fsa.go.jp/taxonomy/jppfs/2013-08-31/jppfs_cor_2013-08-31.xsd#jppfs_cor_AssetRetirementObligationsCL" xlink:label="AssetRetirementObligationsCL" />
    <link:calculationArc xlink:type="arc" weight="1" xlink:arcrole="http://www.xbrl.org/2003/arcrole/summation-item" xlink:from="CurrentLiabilities" xlink:to="AssetRetirementObligationsCL" order="9.0" />
    <link:loc xlink:type="locator" xlink:href="http://disclosure.edinet-fsa.go.jp/taxonomy/jppfs/2013-08-31/jppfs_cor_2013-08-31.xsd#jppfs_cor_OtherCL" xlink:label="OtherCL" />
    <link:calculationArc xlink:type="arc" weight="1" xlink:arcrole="http://www.xbrl.org/2003/arcrole/summation-item" xlink:from="CurrentLiabilities" xlink:to="OtherCL" order="10.0" />
    <link:loc xlink:type="locator" xlink:href="http://disclosure.edinet-fsa.go.jp/taxonomy/jppfs/2013-08-31/jppfs_cor_2013-08-31.xsd#jppfs_cor_NoncurrentLiabilities" xlink:label="NoncurrentLiabilities_2" />
    <link:calculationArc xlink:type="arc" weight="1" xlink:arcrole="http://www.xbrl.org/2003/arcrole/summation-item" xlink:from="Liabilities" xlink:to="NoncurrentLiabilities_2" order="2.0" />
    <link:loc xlink:type="locator" xlink:href="http://disclosure.edinet-fsa.go.jp/taxonomy/jppfs/2013-08-31/jppfs_cor_2013-08-31.xsd#jppfs_cor_NoncurrentLiabilities" xlink:label="NoncurrentLiabilities" />
    <link:loc xlink:type="locator" xlink:href="http://disclosure.edinet-fsa.go.jp/taxonomy/jppfs/2013-08-31/jppfs_cor_2013-08-31.xsd#jppfs_cor_LeaseObligationsNCL" xlink:label="LeaseObligationsNCL" />
    <link:calculationArc xlink:type="arc" weight="1" xlink:arcrole="http://www.xbrl.org/2003/arcrole/summation-item" xlink:from="NoncurrentLiabilities" xlink:to="LeaseObligationsNCL" order="4.0" />
    <link:loc xlink:type="locator" xlink:href="http://disclosure.edinet-fsa.go.jp/taxonomy/jppfs/2013-08-31/jppfs_cor_2013-08-31.xsd#jppfs_cor_LongTermGuaranteeDeposited" xlink:label="LongTermGuaranteeDeposited" />
    <link:calculationArc xlink:type="arc" weight="1" xlink:arcrole="http://www.xbrl.org/2003/arcrole/summation-item" xlink:from="NoncurrentLiabilities" xlink:to="LongTermGuaranteeDeposited" order="6.0" />
    <link:loc xlink:type="locator" xlink:href="http://disclosure.edinet-fsa.go.jp/taxonomy/jppfs/2013-08-31/jppfs_cor_2013-08-31.xsd#jppfs_cor_AssetRetirementObligationsNCL" xlink:label="AssetRetirementObligationsNCL" />
    <link:calculationArc xlink:type="arc" weight="1" xlink:arcrole="http://www.xbrl.org/2003/arcrole/summation-item" xlink:from="NoncurrentLiabilities" xlink:to="AssetRetirementObligationsNCL" order="8.0" />
    <link:loc xlink:type="locator" xlink:href="http://disclosure.edinet-fsa.go.jp/taxonomy/jppfs/2013-08-31/jppfs_cor_2013-08-31.xsd#jppfs_cor_NetDefinedBenefitLiability" xlink:label="NetDefinedBenefitLiability" />
    <link:calculationArc xlink:type="arc" weight="1" xlink:arcrole="http://www.xbrl.org/2003/arcrole/summation-item" xlink:from="NoncurrentLiabilities" xlink:to="NetDefinedBenefitLiability" order="8.5" />
    <link:loc xlink:type="locator" xlink:href="http://disclosure.edinet-fsa.go.jp/taxonomy/jppfs/2013-08-31/jppfs_cor_2013-08-31.xsd#jppfs_cor_ProvisionForLossOnGuarantees" xlink:label="ProvisionForLossOnGuarantees" />
    <link:calculationArc xlink:type="arc" weight="1" xlink:arcrole="http://www.xbrl.org/2003/arcrole/summation-item" xlink:from="NoncurrentLiabilities" xlink:to="ProvisionForLossOnGuarantees" order="9.0" />
    <link:loc xlink:type="locator" xlink:href="http://disclosure.edinet-fsa.go.jp/taxonomy/jppfs/2013-08-31/jppfs_cor_2013-08-31.xsd#jppfs_cor_OtherNCL" xlink:label="OtherNCL" />
    <link:calculationArc xlink:type="arc" weight="1" xlink:arcrole="http://www.xbrl.org/2003/arcrole/summation-item" xlink:from="NoncurrentLiabilities" xlink:to="OtherNCL" order="10.0" />
    <link:loc xlink:type="locator" xlink:href="http://disclosure.edinet-fsa.go.jp/taxonomy/jppfs/2013-08-31/jppfs_cor_2013-08-31.xsd#jppfs_cor_NetAssets" xlink:label="NetAssets_2" />
    <link:calculationArc xlink:type="arc" weight="1" xlink:arcrole="http://www.xbrl.org/2003/arcrole/summation-item" xlink:from="LiabilitiesAndNetAssets" xlink:to="NetAssets_2" order="2.0" />
    <link:loc xlink:type="locator" xlink:href="http://disclosure.edinet-fsa.go.jp/taxonomy/jppfs/2013-08-31/jppfs_cor_2013-08-31.xsd#jppfs_cor_NetAssets" xlink:label="NetAssets" />
    <link:loc xlink:type="locator" xlink:href="http://disclosure.edinet-fsa.go.jp/taxonomy/jppfs/2013-08-31/jppfs_cor_2013-08-31.xsd#jppfs_cor_ShareholdersEquity" xlink:label="ShareholdersEquity_2" />
    <link:calculationArc xlink:type="arc" weight="1" xlink:arcrole="http://www.xbrl.org/2003/arcrole/summation-item" xlink:from="NetAssets" xlink:to="ShareholdersEquity_2" order="1.0" />
    <link:loc xlink:type="locator" xlink:href="http://disclosure.edinet-fsa.go.jp/taxonomy/jppfs/2013-08-31/jppfs_cor_2013-08-31.xsd#jppfs_cor_ShareholdersEquity" xlink:label="ShareholdersEquity" />
    <link:loc xlink:type="locator" xlink:href="http://disclosure.edinet-fsa.go.jp/taxonomy/jppfs/2013-08-31/jppfs_cor_2013-08-31.xsd#jppfs_cor_CapitalStock" xlink:label="CapitalStock" />
    <link:calculationArc xlink:type="arc" weight="1" xlink:arcrole="http://www.xbrl.org/2003/arcrole/summation-item" xlink:from="ShareholdersEquity" xlink:to="CapitalStock" order="1.0" />
    <link:loc xlink:type="locator" xlink:href="http://disclosure.edinet-fsa.go.jp/taxonomy/jppfs/2013-08-31/jppfs_cor_2013-08-31.xsd#jppfs_cor_CapitalSurplus" xlink:label="CapitalSurplus" />
    <link:calculationArc xlink:type="arc" weight="1" xlink:arcrole="http://www.xbrl.org/2003/arcrole/summation-item" xlink:from="ShareholdersEquity" xlink:to="CapitalSurplus" order="3.0" />
    <link:loc xlink:type="locator" xlink:href="http://disclosure.edinet-fsa.go.jp/taxonomy/jppfs/2013-08-31/jppfs_cor_2013-08-31.xsd#jppfs_cor_RetainedEarnings" xlink:label="RetainedEarnings" />
    <link:calculationArc xlink:type="arc" weight="1" xlink:arcrole="http://www.xbrl.org/2003/arcrole/summation-item" xlink:from="ShareholdersEquity" xlink:to="RetainedEarnings" order="4.0" />
    <link:loc xlink:type="locator" xlink:href="http://disclosure.edinet-fsa.go.jp/taxonomy/jppfs/2013-08-31/jppfs_cor_2013-08-31.xsd#jppfs_cor_TreasuryStock" xlink:label="TreasuryStock" />
    <link:calculationArc xlink:type="arc" weight="1" xlink:arcrole="http://www.xbrl.org/2003/arcrole/summation-item" xlink:from="ShareholdersEquity" xlink:to="TreasuryStock" order="5.0" />
    <link:loc xlink:type="locator" xlink:href="http://disclosure.edinet-fsa.go.jp/taxonomy/jppfs/2013-08-31/jppfs_cor_2013-08-31.xsd#jppfs_cor_ValuationAndTranslationAdjustments" xlink:label="ValuationAndTranslationAdjustments_2" />
    <link:calculationArc xlink:type="arc" weight="1" xlink:arcrole="http://www.xbrl.org/2003/arcrole/summation-item" xlink:from="NetAssets" xlink:to="ValuationAndTranslationAdjustments_2" order="2.0" />
    <link:loc xlink:type="locator" xlink:href="http://disclosure.edinet-fsa.go.jp/taxonomy/jppfs/2013-08-31/jppfs_cor_2013-08-31.xsd#jppfs_cor_ValuationAndTranslationAdjustments" xlink:label="ValuationAndTranslationAdjustments" />
    <link:loc xlink:type="locator" xlink:href="http://disclosure.edinet-fsa.go.jp/taxonomy/jppfs/2013-08-31/jppfs_cor_2013-08-31.xsd#jppfs_cor_ValuationDifferenceOnAvailableForSaleSecurities" xlink:label="ValuationDifferenceOnAvailableForSaleSecurities" />
    <link:calculationArc xlink:type="arc" weight="1" xlink:arcrole="http://www.xbrl.org/2003/arcrole/summation-item" xlink:from="ValuationAndTranslationAdjustments" xlink:to="ValuationDifferenceOnAvailableForSaleSecurities" order="1.0" />
    <link:loc xlink:type="locator" xlink:href="http://disclosure.edinet-fsa.go.jp/taxonomy/jppfs/2013-08-31/jppfs_cor_2013-08-31.xsd#jppfs_cor_ForeignCurrencyTranslationAdjustment" xlink:label="ForeignCurrencyTranslationAdjustment" />
    <link:calculationArc xlink:type="arc" weight="1" xlink:arcrole="http://www.xbrl.org/2003/arcrole/summation-item" xlink:from="ValuationAndTranslationAdjustments" xlink:to="ForeignCurrencyTranslationAdjustment" order="4.0" />
    <link:loc xlink:type="locator" xlink:href="http://disclosure.edinet-fsa.go.jp/taxonomy/jppfs/2013-08-31/jppfs_cor_2013-08-31.xsd#jppfs_cor_RemeasurementsOfDefinedBenefitPlans" xlink:label="RemeasurementsOfDefinedBenefitPlans" />
    <link:calculationArc xlink:type="arc" weight="1" xlink:arcrole="http://www.xbrl.org/2003/arcrole/summation-item" xlink:from="ValuationAndTranslationAdjustments" xlink:to="RemeasurementsOfDefinedBenefitPlans" order="5.0" />
    <link:loc xlink:type="locator" xlink:href="http://disclosure.edinet-fsa.go.jp/taxonomy/jppfs/2013-08-31/jppfs_cor_2013-08-31.xsd#jppfs_cor_MinorityInterests" xlink:label="MinorityInterests" />
    <link:calculationArc xlink:type="arc" weight="1" xlink:arcrole="http://www.xbrl.org/2003/arcrole/summation-item" xlink:from="NetAssets" xlink:to="MinorityInterests" order="5.0" />
  </link:calculationLink>
  <link:calculationLink xlink:type="extended" xlink:role="http://disclosure.edinet-fsa.go.jp/role/jppfs/rol_YearToQuarterEndConsolidatedStatementOfIncome">
    <link:loc xlink:type="locator" xlink:href="http://disclosure.edinet-fsa.go.jp/taxonomy/jppfs/2013-08-31/jppfs_cor_2013-08-31.xsd#jppfs_cor_NetIncome" xlink:label="NetIncome" />
    <link:loc xlink:type="locator" xlink:href="http://disclosure.edinet-fsa.go.jp/taxonomy/jppfs/2013-08-31/jppfs_cor_2013-08-31.xsd#jppfs_cor_IncomeBeforeMinorityInterests" xlink:label="IncomeBeforeMinorityInterests_2" />
    <link:calculationArc xlink:type="arc" weight="1" xlink:arcrole="http://www.xbrl.org/2003/arcrole/summation-item" xlink:from="NetIncome" xlink:to="IncomeBeforeMinorityInterests_2" order="1.0" />
    <link:loc xlink:type="locator" xlink:href="http://disclosure.edinet-fsa.go.jp/taxonomy/jppfs/2013-08-31/jppfs_cor_2013-08-31.xsd#jppfs_cor_IncomeBeforeMinorityInterests" xlink:label="IncomeBeforeMinorityInterests" />
    <link:loc xlink:type="locator" xlink:href="http://disclosure.edinet-fsa.go.jp/taxonomy/jppfs/2013-08-31/jppfs_cor_2013-08-31.xsd#jppfs_cor_IncomeBeforeIncomeTaxes" xlink:label="IncomeBeforeIncomeTaxes_2" />
    <link:calculationArc xlink:type="arc" weight="1" xlink:arcrole="http://www.xbrl.org/2003/arcrole/summation-item" xlink:from="IncomeBeforeMinorityInterests" xlink:to="IncomeBeforeIncomeTaxes_2" order="1.0" />
    <link:loc xlink:type="locator" xlink:href="http://disclosure.edinet-fsa.go.jp/taxonomy/jppfs/2013-08-31/jppfs_cor_2013-08-31.xsd#jppfs_cor_IncomeBeforeIncomeTaxes" xlink:label="IncomeBeforeIncomeTaxes" />
    <link:loc xlink:type="locator" xlink:href="http://disclosure.edinet-fsa.go.jp/taxonomy/jppfs/2013-08-31/jppfs_cor_2013-08-31.xsd#jppfs_cor_OrdinaryIncome" xlink:label="OrdinaryIncome_2" />
    <link:calculationArc xlink:type="arc" weight="1" xlink:arcrole="http://www.xbrl.org/2003/arcrole/summation-item" xlink:from="IncomeBeforeIncomeTaxes" xlink:to="OrdinaryIncome_2" order="1.0" />
    <link:loc xlink:type="locator" xlink:href="http://disclosure.edinet-fsa.go.jp/taxonomy/jppfs/2013-08-31/jppfs_cor_2013-08-31.xsd#jppfs_cor_OrdinaryIncome" xlink:label="OrdinaryIncome" />
    <link:loc xlink:type="locator" xlink:href="http://disclosure.edinet-fsa.go.jp/taxonomy/jppfs/2013-08-31/jppfs_cor_2013-08-31.xsd#jppfs_cor_OperatingIncome" xlink:label="OperatingIncome_2" />
    <link:calculationArc xlink:type="arc" weight="1" xlink:arcrole="http://www.xbrl.org/2003/arcrole/summation-item" xlink:from="OrdinaryIncome" xlink:to="OperatingIncome_2" order="1.0" />
    <link:loc xlink:type="locator" xlink:href="http://disclosure.edinet-fsa.go.jp/taxonomy/jppfs/2013-08-31/jppfs_cor_2013-08-31.xsd#jppfs_cor_OperatingIncome" xlink:label="OperatingIncome" />
    <link:loc xlink:type="locator" xlink:href="http://disclosure.edinet-fsa.go.jp/taxonomy/jppfs/2013-08-31/jppfs_cor_2013-08-31.xsd#jppfs_cor_GrossProfit" xlink:label="GrossProfit_2" />
    <link:calculationArc xlink:type="arc" weight="1" xlink:arcrole="http://www.xbrl.org/2003/arcrole/summation-item" xlink:from="OperatingIncome" xlink:to="GrossProfit_2" order="1.0" />
    <link:loc xlink:type="locator" xlink:href="http://disclosure.edinet-fsa.go.jp/taxonomy/jppfs/2013-08-31/jppfs_cor_2013-08-31.xsd#jppfs_cor_GrossProfit" xlink:label="GrossProfit" />
    <link:loc xlink:type="locator" xlink:href="http://disclosure.edinet-fsa.go.jp/taxonomy/jppfs/2013-08-31/jppfs_cor_2013-08-31.xsd#jppfs_cor_NetSales" xlink:label="NetSales" />
    <link:calculationArc xlink:type="arc" weight="1" xlink:arcrole="http://www.xbrl.org/2003/arcrole/summation-item" xlink:from="GrossProfit" xlink:to="NetSales" order="1.0" />
    <link:loc xlink:type="locator" xlink:href="http://disclosure.edinet-fsa.go.jp/taxonomy/jppfs/2013-08-31/jppfs_cor_2013-08-31.xsd#jppfs_cor_CostOfSales" xlink:label="CostOfSales" />
    <link:calculationArc xlink:type="arc" weight="-1" xlink:arcrole="http://www.xbrl.org/2003/arcrole/summation-item" xlink:from="GrossProfit" xlink:to="CostOfSales" order="2.0" />
    <link:loc xlink:type="locator" xlink:href="http://disclosure.edinet-fsa.go.jp/taxonomy/jppfs/2013-08-31/jppfs_cor_2013-08-31.xsd#jppfs_cor_SellingGeneralAndAdministrativeExpenses" xlink:label="SellingGeneralAndAdministrativeExpenses" />
    <link:calculationArc xlink:type="arc" weight="-1" xlink:arcrole="http://www.xbrl.org/2003/arcrole/summation-item" xlink:from="OperatingIncome" xlink:to="SellingGeneralAndAdministrativeExpenses" order="2.0" />
    <link:loc xlink:type="locator" xlink:href="http://disclosure.edinet-fsa.go.jp/taxonomy/jppfs/2013-08-31/jppfs_cor_2013-08-31.xsd#jppfs_cor_NonOperatingIncome" xlink:label="NonOperatingIncome_2" />
    <link:calculationArc xlink:type="arc" weight="1" xlink:arcrole="http://www.xbrl.org/2003/arcrole/summation-item" xlink:from="OrdinaryIncome" xlink:to="NonOperatingIncome_2" order="2.0" />
    <link:loc xlink:type="locator" xlink:href="http://disclosure.edinet-fsa.go.jp/taxonomy/jppfs/2013-08-31/jppfs_cor_2013-08-31.xsd#jppfs_cor_NonOperatingIncome" xlink:label="NonOperatingIncome" />
    <link:loc xlink:type="locator" xlink:href="http://disclosure.edinet-fsa.go.jp/taxonomy/jppfs/2013-08-31/jppfs_cor_2013-08-31.xsd#jppfs_cor_InterestAndDividendsIncomeNOI" xlink:label="InterestAndDividendsIncomeNOI" />
    <link:calculationArc xlink:type="arc" weight="1" xlink:arcrole="http://www.xbrl.org/2003/arcrole/summation-item" xlink:from="NonOperatingIncome" xlink:to="InterestAndDividendsIncomeNOI" order="1.0" />
    <link:loc xlink:type="locator" xlink:href="http://disclosure.edinet-fsa.go.jp/taxonomy/jppfs/2013-08-31/jppfs_cor_2013-08-31.xsd#jppfs_cor_HouseRentIncomeNOI" xlink:label="HouseRentIncomeNOI" />
    <link:calculationArc xlink:type="arc" weight="1" xlink:arcrole="http://www.xbrl.org/2003/arcrole/summation-item" xlink:from="NonOperatingIncome" xlink:to="HouseRentIncomeNOI" order="2.0" />
    <link:loc xlink:type="locator" xlink:href="http://disclosure.edinet-fsa.go.jp/taxonomy/jppfs/2013-08-31/jppfs_cor_2013-08-31.xsd#jppfs_cor_OtherNOI" xlink:label="OtherNOI" />
    <link:calculationArc xlink:type="arc" weight="1" xlink:arcrole="http://www.xbrl.org/2003/arcrole/summation-item" xlink:from="NonOperatingIncome" xlink:to="OtherNOI" order="3.0" />
    <link:loc xlink:type="locator" xlink:href="http://disclosure.edinet-fsa.go.jp/taxonomy/jppfs/2013-08-31/jppfs_cor_2013-08-31.xsd#jppfs_cor_NonOperatingExpenses" xlink:label="NonOperatingExpenses_2" />
    <link:calculationArc xlink:type="arc" weight="-1" xlink:arcrole="http://www.xbrl.org/2003/arcrole/summation-item" xlink:from="OrdinaryIncome" xlink:to="NonOperatingExpenses_2" order="3.0" />
    <link:loc xlink:type="locator" xlink:href="http://disclosure.edinet-fsa.go.jp/taxonomy/jppfs/2013-08-31/jppfs_cor_2013-08-31.xsd#jppfs_cor_NonOperatingExpenses" xlink:label="NonOperatingExpenses" />
    <link:loc xlink:type="locator" xlink:href="http://disclosure.edinet-fsa.go.jp/taxonomy/jppfs/2013-08-31/jppfs_cor_2013-08-31.xsd#jppfs_cor_InterestExpensesNOE" xlink:label="InterestExpensesNOE" />
    <link:calculationArc xlink:type="arc" weight="1" xlink:arcrole="http://www.xbrl.org/2003/arcrole/summation-item" xlink:from="NonOperatingExpenses" xlink:to="InterestExpensesNOE" order="1.0" />
    <link:loc xlink:type="locator" xlink:href="http://disclosure.edinet-fsa.go.jp/taxonomy/jppfs/2013-08-31/jppfs_cor_2013-08-31.xsd#jppfs_cor_RentExpensesNOE" xlink:label="RentExpensesNOE" />
    <link:calculationArc xlink:type="arc" weight="1" xlink:arcrole="http://www.xbrl.org/2003/arcrole/summation-item" xlink:from="NonOperatingExpenses" xlink:to="RentExpensesNOE" order="2.0" />
    <link:loc xlink:type="locator" xlink:href="http://disclosure.edinet-fsa.go.jp/taxonomy/jppfs/2013-08-31/jppfs_cor_2013-08-31.xsd#jppfs_cor_OtherNOE" xlink:label="OtherNOE" />
    <link:calculationArc xlink:type="arc" weight="1" xlink:arcrole="http://www.xbrl.org/2003/arcrole/summation-item" xlink:from="NonOperatingExpenses" xlink:to="OtherNOE" order="3.0" />
    <link:loc xlink:type="locator" xlink:href="http://disclosure.edinet-fsa.go.jp/taxonomy/jppfs/2013-08-31/jppfs_cor_2013-08-31.xsd#jppfs_cor_ExtraordinaryIncome" xlink:label="ExtraordinaryIncome_2" />
    <link:calculationArc xlink:type="arc" weight="1" xlink:arcrole="http://www.xbrl.org/2003/arcrole/summation-item" xlink:from="IncomeBeforeIncomeTaxes" xlink:to="ExtraordinaryIncome_2" order="2.0" />
    <link:loc xlink:type="locator" xlink:href="http://disclosure.edinet-fsa.go.jp/taxonomy/jppfs/2013-08-31/jppfs_cor_2013-08-31.xsd#jppfs_cor_ExtraordinaryIncome" xlink:label="ExtraordinaryIncome" />
    <link:loc xlink:type="locator" xlink:href="jpcrp040300-q3r-001_E03329-000_2015-02-28_01_2015-04-03.xsd#jpcrp040300-q3r_E03329-000_GainOnSalesOfStoresEI" xlink:label="GainOnSalesOfStoresEI" />
    <link:calculationArc xlink:type="arc" weight="1" xlink:arcrole="http://www.xbrl.org/2003/arcrole/summation-item" xlink:from="ExtraordinaryIncome" xlink:to="GainOnSalesOfStoresEI" order="1.0" />
    <link:loc xlink:type="locator" xlink:href="http://disclosure.edinet-fsa.go.jp/taxonomy/jppfs/2013-08-31/jppfs_cor_2013-08-31.xsd#jppfs_cor_CompensationIncomeEI" xlink:label="CompensationIncomeEI" />
    <link:calculationArc xlink:type="arc" weight="1" xlink:arcrole="http://www.xbrl.org/2003/arcrole/summation-item" xlink:from="ExtraordinaryIncome" xlink:to="CompensationIncomeEI" order="1.5" />
    <link:loc xlink:type="locator" xlink:href="http://disclosure.edinet-fsa.go.jp/taxonomy/jppfs/2013-08-31/jppfs_cor_2013-08-31.xsd#jppfs_cor_OtherEI" xlink:label="OtherEI" />
    <link:calculationArc xlink:type="arc" weight="1" xlink:arcrole="http://www.xbrl.org/2003/arcrole/summation-item" xlink:from="ExtraordinaryIncome" xlink:to="OtherEI" order="2.0" />
    <link:loc xlink:type="locator" xlink:href="http://disclosure.edinet-fsa.go.jp/taxonomy/jppfs/2013-08-31/jppfs_cor_2013-08-31.xsd#jppfs_cor_ExtraordinaryLoss" xlink:label="ExtraordinaryLoss_2" />
    <link:calculationArc xlink:type="arc" weight="-1" xlink:arcrole="http://www.xbrl.org/2003/arcrole/summation-item" xlink:from="IncomeBeforeIncomeTaxes" xlink:to="ExtraordinaryLoss_2" order="3.0" />
    <link:loc xlink:type="locator" xlink:href="http://disclosure.edinet-fsa.go.jp/taxonomy/jppfs/2013-08-31/jppfs_cor_2013-08-31.xsd#jppfs_cor_ExtraordinaryLoss" xlink:label="ExtraordinaryLoss" />
    <link:loc xlink:type="locator" xlink:href="http://disclosure.edinet-fsa.go.jp/taxonomy/jppfs/2013-08-31/jppfs_cor_2013-08-31.xsd#jppfs_cor_ImpairmentLossEL" xlink:label="ImpairmentLossEL" />
    <link:calculationArc xlink:type="arc" weight="1" xlink:arcrole="http://www.xbrl.org/2003/arcrole/summation-item" xlink:from="ExtraordinaryLoss" xlink:to="ImpairmentLossEL" order="1.0" />
    <link:loc xlink:type="locator" xlink:href="http://disclosure.edinet-fsa.go.jp/taxonomy/jppfs/2013-08-31/jppfs_cor_2013-08-31.xsd#jppfs_cor_LossOnRetirementOfNoncurrentAssetsEL" xlink:label="LossOnRetirementOfNoncurrentAssetsEL" />
    <link:calculationArc xlink:type="arc" weight="1" xlink:arcrole="http://www.xbrl.org/2003/arcrole/summation-item" xlink:from="ExtraordinaryLoss" xlink:to="LossOnRetirementOfNoncurrentAssetsEL" order="2.0" />
    <link:loc xlink:type="locator" xlink:href="http://disclosure.edinet-fsa.go.jp/taxonomy/jppfs/2013-08-31/jppfs_cor_2013-08-31.xsd#jppfs_cor_OtherEL" xlink:label="OtherEL" />
    <link:calculationArc xlink:type="arc" weight="1" xlink:arcrole="http://www.xbrl.org/2003/arcrole/summation-item" xlink:from="ExtraordinaryLoss" xlink:to="OtherEL" order="3.0" />
    <link:loc xlink:type="locator" xlink:href="http://disclosure.edinet-fsa.go.jp/taxonomy/jppfs/2013-08-31/jppfs_cor_2013-08-31.xsd#jppfs_cor_IncomeTaxes" xlink:label="IncomeTaxes_2" />
    <link:calculationArc xlink:type="arc" weight="-1" xlink:arcrole="http://www.xbrl.org/2003/arcrole/summation-item" xlink:from="IncomeBeforeMinorityInterests" xlink:to="IncomeTaxes_2" order="2.0" />
    <link:loc xlink:type="locator" xlink:href="http://disclosure.edinet-fsa.go.jp/taxonomy/jppfs/2013-08-31/jppfs_cor_2013-08-31.xsd#jppfs_cor_IncomeTaxes" xlink:label="IncomeTaxes" />
    <link:loc xlink:type="locator" xlink:href="http://disclosure.edinet-fsa.go.jp/taxonomy/jppfs/2013-08-31/jppfs_cor_2013-08-31.xsd#jppfs_cor_IncomeTaxesCurrent" xlink:label="IncomeTaxesCurrent" />
    <link:calculationArc xlink:type="arc" weight="1" xlink:arcrole="http://www.xbrl.org/2003/arcrole/summation-item" xlink:from="IncomeTaxes" xlink:to="IncomeTaxesCurrent" order="1.0" />
    <link:loc xlink:type="locator" xlink:href="http://disclosure.edinet-fsa.go.jp/taxonomy/jppfs/2013-08-31/jppfs_cor_2013-08-31.xsd#jppfs_cor_IncomeTaxesDeferred" xlink:label="IncomeTaxesDeferred" />
    <link:calculationArc xlink:type="arc" weight="1" xlink:arcrole="http://www.xbrl.org/2003/arcrole/summation-item" xlink:from="IncomeTaxes" xlink:to="IncomeTaxesDeferred" order="2.0" />
    <link:loc xlink:type="locator" xlink:href="http://disclosure.edinet-fsa.go.jp/taxonomy/jppfs/2013-08-31/jppfs_cor_2013-08-31.xsd#jppfs_cor_MinorityInterestsInIncome" xlink:label="MinorityInterestsInIncome" />
    <link:calculationArc xlink:type="arc" weight="-1" xlink:arcrole="http://www.xbrl.org/2003/arcrole/summation-item" xlink:from="NetIncome" xlink:to="MinorityInterestsInIncome" order="2.0" />
  </link:calculationLink>
  <link:calculationLink xlink:type="extended" xlink:role="http://disclosure.edinet-fsa.go.jp/role/jppfs/rol_YearToQuarterEndConsolidatedStatementOfComprehensiveIncome">
    <link:loc xlink:type="locator" xlink:href="http://disclosure.edinet-fsa.go.jp/taxonomy/jppfs/2013-08-31/jppfs_cor_2013-08-31.xsd#jppfs_cor_ComprehensiveIncome" xlink:label="ComprehensiveIncome" />
    <link:loc xlink:type="locator" xlink:href="http://disclosure.edinet-fsa.go.jp/taxonomy/jppfs/2013-08-31/jppfs_cor_2013-08-31.xsd#jppfs_cor_IncomeBeforeMinorityInterests" xlink:label="IncomeBeforeMinorityInterests" />
    <link:calculationArc xlink:type="arc" weight="1" xlink:arcrole="http://www.xbrl.org/2003/arcrole/summation-item" xlink:from="ComprehensiveIncome" xlink:to="IncomeBeforeMinorityInterests" order="1.0" />
    <link:loc xlink:type="locator" xlink:href="http://disclosure.edinet-fsa.go.jp/taxonomy/jppfs/2013-08-31/jppfs_cor_2013-08-31.xsd#jppfs_cor_OtherComprehensiveIncome" xlink:label="OtherComprehensiveIncome_2" />
    <link:calculationArc xlink:type="arc" weight="1" xlink:arcrole="http://www.xbrl.org/2003/arcrole/summation-item" xlink:from="ComprehensiveIncome" xlink:to="OtherComprehensiveIncome_2" order="2.0" />
    <link:loc xlink:type="locator" xlink:href="http://disclosure.edinet-fsa.go.jp/taxonomy/jppfs/2013-08-31/jppfs_cor_2013-08-31.xsd#jppfs_cor_OtherComprehensiveIncome" xlink:label="OtherComprehensiveIncome" />
    <link:loc xlink:type="locator" xlink:href="http://disclosure.edinet-fsa.go.jp/taxonomy/jppfs/2013-08-31/jppfs_cor_2013-08-31.xsd#jppfs_cor_ValuationDifferenceOnAvailableForSaleSecuritiesNetOfTaxOCI" xlink:label="ValuationDifferenceOnAvailableForSaleSecuritiesNetOfTaxOCI" />
    <link:calculationArc xlink:type="arc" weight="1" xlink:arcrole="http://www.xbrl.org/2003/arcrole/summation-item" xlink:from="OtherComprehensiveIncome" xlink:to="ValuationDifferenceOnAvailableForSaleSecuritiesNetOfTaxOCI" order="1.0" />
    <link:loc xlink:type="locator" xlink:href="http://disclosure.edinet-fsa.go.jp/taxonomy/jppfs/2013-08-31/jppfs_cor_2013-08-31.xsd#jppfs_cor_ForeignCurrencyTranslationAdjustmentNetOfTaxOCI" xlink:label="ForeignCurrencyTranslationAdjustmentNetOfTaxOCI" />
    <link:calculationArc xlink:type="arc" weight="1" xlink:arcrole="http://www.xbrl.org/2003/arcrole/summation-item" xlink:from="OtherComprehensiveIncome" xlink:to="ForeignCurrencyTranslationAdjustmentNetOfTaxOCI" order="2.0" />
    <link:loc xlink:type="locator" xlink:href="http://disclosure.edinet-fsa.go.jp/taxonomy/jppfs/2013-08-31/jppfs_cor_2013-08-31.xsd#jppfs_cor_RemeasurementsOfDefinedBenefitPlansNetOfTaxOCI" xlink:label="RemeasurementsOfDefinedBenefitPlansNetOfTaxOCI" />
    <link:calculationArc xlink:type="arc" weight="1" xlink:arcrole="http://www.xbrl.org/2003/arcrole/summation-item" xlink:from="OtherComprehensiveIncome" xlink:to="RemeasurementsOfDefinedBenefitPlansNetOfTaxOCI" order="3.0" />
  </link:calculationLink>
</link:linkbase>