<?xml version="1.0" encoding="utf-8"?>
<!-- Generated by PRONEXUS WORKS -->
<link:linkbase xmlns:link="http://www.xbrl.org/2003/linkbase" xmlns:xsi="http://www.w3.org/2001/XMLSchema-instance" xmlns:xbrli="http://www.xbrl.org/2003/instance" xmlns:xlink="http://www.w3.org/1999/xlink">
  <link:labelLink xlink:type="extended" xlink:role="http://www.xbrl.org/2003/role/link">
    <link:loc xlink:type="locator" xlink:href="jpcrp040300-q3r-001_E03329-000_2015-02-28_01_2015-04-03.xsd#jpcrp040300-q3r_E03329-000_GainOnSalesOfStoresEI" xlink:label="GainOnSalesOfStoresEI" />
    <link:label xlink:type="resource" xlink:label="label_GainOnSalesOfStoresEI" xml:lang="ja" xlink:role="http://www.xbrl.org/2003/role/label" id="label_GainOnSalesOfStoresEI">店舗売却益</link:label>
    <link:labelArc xlink:type="arc" xlink:arcrole="http://www.xbrl.org/2003/arcrole/concept-label" xlink:from="GainOnSalesOfStoresEI" xlink:to="label_GainOnSalesOfStoresEI" />
    <link:label xlink:type="resource" xlink:label="label_GainOnSalesOfStoresEI_2" xml:lang="ja" xlink:role="http://www.xbrl.org/2003/role/verboseLabel" id="label_GainOnSalesOfStoresEI_2">店舗売却益、特別利益</link:label>
    <link:labelArc xlink:type="arc" xlink:arcrole="http://www.xbrl.org/2003/arcrole/concept-label" xlink:from="GainOnSalesOfStoresEI" xlink:to="label_GainOnSalesOfStoresEI_2" />
  </link:labelLink>
</link:linkbase>