﻿<?xml version="1.0" encoding="utf-8"?>
<!-- Edited with XiRUTE .NET Library 01-06 -->
<link:linkbase xmlns:xlink="http://www.w3.org/1999/xlink" xmlns:xsi="http://www.w3.org/2001/XMLSchema-instance" xmlns:link="http://www.xbrl.org/2003/linkbase">
  <link:labelLink xlink:type="extended" xlink:role="http://www.xbrl.org/2003/role/link">
    <link:label xml:lang="ja" xlink:type="resource" xlink:label="jpcrp040300-q1r_E02722-000_GainOnSalesOfInvestmentPropertyEI_label" xlink:role="http://www.xbrl.org/2003/role/label">投資不動産売却益</link:label>
    <link:label xml:lang="ja" xlink:type="resource" xlink:label="jpcrp040300-q1r_E02722-000_GainOnSalesOfInvestmentPropertyEI_label_1" xlink:role="http://www.xbrl.org/2003/role/verboseLabel">投資不動産売却益、特別利益</link:label>
    <link:label xml:lang="ja" xlink:type="resource" xlink:label="jpcrp040300-q1r_E02722-000_NotesWhenThereIsSignificantChangesInAmountsOfEquityNATextBlock_label_1" xlink:role="http://www.xbrl.org/2003/role/label">株主資本の金額に著しい変動があった場合の注記（該当なし）</link:label>
    <link:label xml:lang="ja" xlink:type="resource" xlink:label="jpcrp040300-q1r_E02722-000_NotesWhenThereIsSignificantChangesInAmountsOfEquityNATextBlock_label" xlink:role="http://www.xbrl.org/2003/role/verboseLabel">株主資本の金額に著しい変動があった場合の注記（該当なし）[テキストブロック]</link:label>
    <link:loc xlink:type="locator" xlink:href="jpcrp040300-q1r-001_E02722-000_2015-02-20_01_2015-04-02.xsd#jpcrp040300-q1r_E02722-000_GainOnSalesOfInvestmentPropertyEI" xlink:label="jpcrp040300-q1r_E02722-000_GainOnSalesOfInvestmentPropertyEI" />
    <link:loc xlink:type="locator" xlink:href="jpcrp040300-q1r-001_E02722-000_2015-02-20_01_2015-04-02.xsd#jpcrp040300-q1r_E02722-000_NotesWhenThereIsSignificantChangesInAmountsOfEquityNATextBlock" xlink:label="jpcrp040300-q1r_E02722-000_NotesWhenThereIsSignificantChangesInAmountsOfEquityNATextBlock" />
    <link:labelArc xlink:type="arc" xlink:from="jpcrp040300-q1r_E02722-000_GainOnSalesOfInvestmentPropertyEI" xlink:to="jpcrp040300-q1r_E02722-000_GainOnSalesOfInvestmentPropertyEI_label_1" xlink:arcrole="http://www.xbrl.org/2003/arcrole/concept-label" order="1" />
    <link:labelArc xlink:type="arc" xlink:from="jpcrp040300-q1r_E02722-000_GainOnSalesOfInvestmentPropertyEI" xlink:to="jpcrp040300-q1r_E02722-000_GainOnSalesOfInvestmentPropertyEI_label" xlink:arcrole="http://www.xbrl.org/2003/arcrole/concept-label" order="1" />
    <link:labelArc xlink:type="arc" xlink:from="jpcrp040300-q1r_E02722-000_NotesWhenThereIsSignificantChangesInAmountsOfEquityNATextBlock" xlink:to="jpcrp040300-q1r_E02722-000_NotesWhenThereIsSignificantChangesInAmountsOfEquityNATextBlock_label" xlink:arcrole="http://www.xbrl.org/2003/arcrole/concept-label" order="1" />
    <link:labelArc xlink:type="arc" xlink:from="jpcrp040300-q1r_E02722-000_NotesWhenThereIsSignificantChangesInAmountsOfEquityNATextBlock" xlink:to="jpcrp040300-q1r_E02722-000_NotesWhenThereIsSignificantChangesInAmountsOfEquityNATextBlock_label_1" xlink:arcrole="http://www.xbrl.org/2003/arcrole/concept-label" order="1" />
  </link:labelLink>
</link:linkbase>