﻿<?xml version="1.0" encoding="utf-8"?>
<!-- Edited with XiRUTE .NET Library 01-06 -->
<link:linkbase xmlns:xlink="http://www.w3.org/1999/xlink" xmlns:xsi="http://www.w3.org/2001/XMLSchema-instance" xmlns:link="http://www.xbrl.org/2003/linkbase">
  <link:labelLink xlink:type="extended" xlink:role="http://www.xbrl.org/2003/role/link">
    <link:label xml:lang="en" xlink:type="resource" xlink:label="jpcrp040300-q3r_E03257-000_DiscountStoreReportableSegmentsMember_label" xlink:role="http://www.xbrl.org/2003/role/label">Discount store</link:label>
    <link:label xml:lang="en" xlink:type="resource" xlink:label="jpcrp040300-q3r_E03257-000_DiscountStoreReportableSegmentsMember_label_1" xlink:role="http://www.xbrl.org/2003/role/verboseLabel">Discount store, Reportable segments[member]</link:label>
    <link:label xml:lang="en" xlink:type="resource" xlink:label="jpcrp040300-q3r_E03257-000_NotesAccountingTreatmentsSpecificToQuarterlyFinancialStatementsQuarterlyConsolidatedFinancialStatementsNATextBlock_label_1" xlink:role="http://www.xbrl.org/2003/role/label">Notes - Accounting treatments specific to quarterly financial statements(N/A)</link:label>
    <link:label xml:lang="en" xlink:type="resource" xlink:label="jpcrp040300-q3r_E03257-000_NotesAccountingTreatmentsSpecificToQuarterlyFinancialStatementsQuarterlyConsolidatedFinancialStatementsNATextBlock_label" xlink:role="http://www.xbrl.org/2003/role/verboseLabel">Notes - Accounting treatments specific to quarterly financial statements, Quarterly consolidated financial statements(N/A)[text block]</link:label>
    <link:label xml:lang="en" xlink:type="resource" xlink:label="jpcrp040300-q3r_E03257-000_NotesBusinessCombinationsQuarterlyConsolidatedFinancialStatementsNATextBlock_label_1" xlink:role="http://www.xbrl.org/2003/role/label">Notes - Business combinations(N/A)</link:label>
    <link:label xml:lang="en" xlink:type="resource" xlink:label="jpcrp040300-q3r_E03257-000_NotesBusinessCombinationsQuarterlyConsolidatedFinancialStatementsNATextBlock_label" xlink:role="http://www.xbrl.org/2003/role/verboseLabel">Notes - Business combinations, Quarterly consolidated financial statements(N/A)[text block]</link:label>
    <link:label xml:lang="en" xlink:type="resource" xlink:label="jpcrp040300-q3r_E03257-000_NotesChangesInScopeOfConsolidationOrEquityMethodNATextBlock_label_1" xlink:role="http://www.xbrl.org/2003/role/label">Notes - Changes in scope of consolidation or equity method(N/A)</link:label>
    <link:label xml:lang="en" xlink:type="resource" xlink:label="jpcrp040300-q3r_E03257-000_NotesChangesInScopeOfConsolidationOrEquityMethodNATextBlock_label" xlink:role="http://www.xbrl.org/2003/role/verboseLabel">Notes - Changes in scope of consolidation or equity method(N/A)[text block]</link:label>
    <link:label xml:lang="en" xlink:type="resource" xlink:label="jpcrp040300-q3r_E03257-000_SupermarketReportableSegmentsMember_label" xlink:role="http://www.xbrl.org/2003/role/label">Supermarket</link:label>
    <link:label xml:lang="en" xlink:type="resource" xlink:label="jpcrp040300-q3r_E03257-000_SupermarketReportableSegmentsMember_label_1" xlink:role="http://www.xbrl.org/2003/role/verboseLabel">Supermarket, Reportable segments[member]</link:label>
    <link:loc xlink:type="locator" xlink:href="jpcrp040300-q3r-001_E03257-000_2015-02-20_01_2015-04-03.xsd#jpcrp040300-q3r_E03257-000_DiscountStoreReportableSegmentsMember" xlink:label="jpcrp040300-q3r_E03257-000_DiscountStoreReportableSegmentsMember" />
    <link:loc xlink:type="locator" xlink:href="jpcrp040300-q3r-001_E03257-000_2015-02-20_01_2015-04-03.xsd#jpcrp040300-q3r_E03257-000_NotesAccountingTreatmentsSpecificToQuarterlyFinancialStatementsQuarterlyConsolidatedFinancialStatementsNATextBlock" xlink:label="jpcrp040300-q3r_E03257-000_NotesAccountingTreatmentsSpecificToQuarterlyFinancialStatementsQuarterlyConsolidatedFinancialStatementsNATextBlock" />
    <link:loc xlink:type="locator" xlink:href="jpcrp040300-q3r-001_E03257-000_2015-02-20_01_2015-04-03.xsd#jpcrp040300-q3r_E03257-000_NotesBusinessCombinationsQuarterlyConsolidatedFinancialStatementsNATextBlock" xlink:label="jpcrp040300-q3r_E03257-000_NotesBusinessCombinationsQuarterlyConsolidatedFinancialStatementsNATextBlock" />
    <link:loc xlink:type="locator" xlink:href="jpcrp040300-q3r-001_E03257-000_2015-02-20_01_2015-04-03.xsd#jpcrp040300-q3r_E03257-000_NotesChangesInScopeOfConsolidationOrEquityMethodNATextBlock" xlink:label="jpcrp040300-q3r_E03257-000_NotesChangesInScopeOfConsolidationOrEquityMethodNATextBlock" />
    <link:loc xlink:type="locator" xlink:href="jpcrp040300-q3r-001_E03257-000_2015-02-20_01_2015-04-03.xsd#jpcrp040300-q3r_E03257-000_SupermarketReportableSegmentsMember" xlink:label="jpcrp040300-q3r_E03257-000_SupermarketReportableSegmentsMember" />
    <link:labelArc xlink:type="arc" xlink:from="jpcrp040300-q3r_E03257-000_DiscountStoreReportableSegmentsMember" xlink:to="jpcrp040300-q3r_E03257-000_DiscountStoreReportableSegmentsMember_label" xlink:arcrole="http://www.xbrl.org/2003/arcrole/concept-label" order="1" />
    <link:labelArc xlink:type="arc" xlink:from="jpcrp040300-q3r_E03257-000_DiscountStoreReportableSegmentsMember" xlink:to="jpcrp040300-q3r_E03257-000_DiscountStoreReportableSegmentsMember_label_1" xlink:arcrole="http://www.xbrl.org/2003/arcrole/concept-label" order="1" />
    <link:labelArc xlink:type="arc" xlink:from="jpcrp040300-q3r_E03257-000_NotesAccountingTreatmentsSpecificToQuarterlyFinancialStatementsQuarterlyConsolidatedFinancialStatementsNATextBlock" xlink:to="jpcrp040300-q3r_E03257-000_NotesAccountingTreatmentsSpecificToQuarterlyFinancialStatementsQuarterlyConsolidatedFinancialStatementsNATextBlock_label" xlink:arcrole="http://www.xbrl.org/2003/arcrole/concept-label" order="1" />
    <link:labelArc xlink:type="arc" xlink:from="jpcrp040300-q3r_E03257-000_NotesAccountingTreatmentsSpecificToQuarterlyFinancialStatementsQuarterlyConsolidatedFinancialStatementsNATextBlock" xlink:to="jpcrp040300-q3r_E03257-000_NotesAccountingTreatmentsSpecificToQuarterlyFinancialStatementsQuarterlyConsolidatedFinancialStatementsNATextBlock_label_1" xlink:arcrole="http://www.xbrl.org/2003/arcrole/concept-label" order="1" />
    <link:labelArc xlink:type="arc" xlink:from="jpcrp040300-q3r_E03257-000_NotesBusinessCombinationsQuarterlyConsolidatedFinancialStatementsNATextBlock" xlink:to="jpcrp040300-q3r_E03257-000_NotesBusinessCombinationsQuarterlyConsolidatedFinancialStatementsNATextBlock_label_1" xlink:arcrole="http://www.xbrl.org/2003/arcrole/concept-label" order="1" />
    <link:labelArc xlink:type="arc" xlink:from="jpcrp040300-q3r_E03257-000_NotesBusinessCombinationsQuarterlyConsolidatedFinancialStatementsNATextBlock" xlink:to="jpcrp040300-q3r_E03257-000_NotesBusinessCombinationsQuarterlyConsolidatedFinancialStatementsNATextBlock_label" xlink:arcrole="http://www.xbrl.org/2003/arcrole/concept-label" order="1" />
    <link:labelArc xlink:type="arc" xlink:from="jpcrp040300-q3r_E03257-000_NotesChangesInScopeOfConsolidationOrEquityMethodNATextBlock" xlink:to="jpcrp040300-q3r_E03257-000_NotesChangesInScopeOfConsolidationOrEquityMethodNATextBlock_label" xlink:arcrole="http://www.xbrl.org/2003/arcrole/concept-label" order="1" />
    <link:labelArc xlink:type="arc" xlink:from="jpcrp040300-q3r_E03257-000_NotesChangesInScopeOfConsolidationOrEquityMethodNATextBlock" xlink:to="jpcrp040300-q3r_E03257-000_NotesChangesInScopeOfConsolidationOrEquityMethodNATextBlock_label_1" xlink:arcrole="http://www.xbrl.org/2003/arcrole/concept-label" order="1" />
    <link:labelArc xlink:type="arc" xlink:from="jpcrp040300-q3r_E03257-000_SupermarketReportableSegmentsMember" xlink:to="jpcrp040300-q3r_E03257-000_SupermarketReportableSegmentsMember_label" xlink:arcrole="http://www.xbrl.org/2003/arcrole/concept-label" order="1" />
    <link:labelArc xlink:type="arc" xlink:from="jpcrp040300-q3r_E03257-000_SupermarketReportableSegmentsMember" xlink:to="jpcrp040300-q3r_E03257-000_SupermarketReportableSegmentsMember_label_1" xlink:arcrole="http://www.xbrl.org/2003/arcrole/concept-label" order="1" />
  </link:labelLink>
</link:linkbase>