<?xml version="1.0" encoding="utf-8"?>
<!-- Generated by PRONEXUS WORKS -->
<link:linkbase xmlns:link="http://www.xbrl.org/2003/linkbase" xmlns:xsi="http://www.w3.org/2001/XMLSchema-instance" xmlns:xbrli="http://www.xbrl.org/2003/instance" xmlns:xlink="http://www.w3.org/1999/xlink">
  <link:labelLink xlink:type="extended" xlink:role="http://www.xbrl.org/2003/role/link">
    <link:loc xlink:type="locator" xlink:href="jpcrp040300-q2r-001_E04479-000_2015-02-28_01_2015-04-03.xsd#jpcrp040300-q2r_E04479-000_IncomeOnDisposalOfIndustrialWasteNOI" xlink:label="IncomeOnDisposalOfIndustrialWasteNOI" />
    <link:loc xlink:type="locator" xlink:href="jpcrp040300-q2r-001_E04479-000_2015-02-28_01_2015-04-03.xsd#jpcrp040300-q2r_E04479-000_InformationAboutImpairmentLossOfNonCurrentAssetsOrGoodwillEtcForEachReportableSegmentNATextBlock" xlink:label="InformationAboutImpairmentLossOfNonCurrentAssetsOrGoodwillEtcForEachReportableSegmentNATextBlock" />
    <link:loc xlink:type="locator" xlink:href="jpcrp040300-q2r-001_E04479-000_2015-02-28_01_2015-04-03.xsd#jpcrp040300-q2r_E04479-000_IncreaseDecreaseInNetDefinedBenefitLiabilityOpeCF" xlink:label="IncreaseDecreaseInNetDefinedBenefitLiabilityOpeCF" />
    <link:loc xlink:type="locator" xlink:href="jpcrp040300-q2r-001_E04479-000_2015-02-28_01_2015-04-03.xsd#jpcrp040300-q2r_E04479-000_MusicDistributionSgMember" xlink:label="MusicDistributionSgMember" />
    <link:loc xlink:type="locator" xlink:href="jpcrp040300-q2r-001_E04479-000_2015-02-28_01_2015-04-03.xsd#jpcrp040300-q2r_E04479-000_BusinessSystemsSgMember" xlink:label="BusinessSystemsSgMember" />
    <link:loc xlink:type="locator" xlink:href="jpcrp040300-q2r-001_E04479-000_2015-02-28_01_2015-04-03.xsd#jpcrp040300-q2r_E04479-000_ICTServicesSgMember" xlink:label="ICTServicesSgMember" />
    <link:label xlink:type="resource" xlink:label="label_InformationAboutImpairmentLossOfNonCurrentAssetsOrGoodwillEtcForEachReportableSegmentNATextBlock" xml:lang="en" xlink:role="http://www.xbrl.org/2003/role/label" id="label_InformationAboutImpairmentLossOfNonCurrentAssetsOrGoodwillEtcForEachReportableSegmentNATextBlock">Information about impairment loss of non-current assets or goodwill, etc. for each reportable segment (N/A)</link:label>
    <link:labelArc xlink:type="arc" xlink:arcrole="http://www.xbrl.org/2003/arcrole/concept-label" xlink:from="InformationAboutImpairmentLossOfNonCurrentAssetsOrGoodwillEtcForEachReportableSegmentNATextBlock" xlink:to="label_InformationAboutImpairmentLossOfNonCurrentAssetsOrGoodwillEtcForEachReportableSegmentNATextBlock" />
    <link:label xlink:type="resource" xlink:label="label_InformationAboutImpairmentLossOfNonCurrentAssetsOrGoodwillEtcForEachReportableSegmentNATextBlock_2" xml:lang="en" xlink:role="http://www.xbrl.org/2003/role/verboseLabel" id="label_InformationAboutImpairmentLossOfNonCurrentAssetsOrGoodwillEtcForEachReportableSegmentNATextBlock_2">Information about impairment loss of non-current assets or goodwill, etc. for each reportable segment (N/A) [text block]</link:label>
    <link:labelArc xlink:type="arc" xlink:arcrole="http://www.xbrl.org/2003/arcrole/concept-label" xlink:from="InformationAboutImpairmentLossOfNonCurrentAssetsOrGoodwillEtcForEachReportableSegmentNATextBlock" xlink:to="label_InformationAboutImpairmentLossOfNonCurrentAssetsOrGoodwillEtcForEachReportableSegmentNATextBlock_2" />
    <link:label xlink:type="resource" xlink:label="label_IncomeOnDisposalOfIndustrialWasteNOI" xml:lang="en" xlink:role="http://www.xbrl.org/2003/role/label" id="label_IncomeOnDisposalOfIndustrialWasteNOI">Income on disposal of industrial waste</link:label>
    <link:labelArc xlink:type="arc" xlink:arcrole="http://www.xbrl.org/2003/arcrole/concept-label" xlink:from="IncomeOnDisposalOfIndustrialWasteNOI" xlink:to="label_IncomeOnDisposalOfIndustrialWasteNOI" />
    <link:label xlink:type="resource" xlink:label="label_IncomeOnDisposalOfIndustrialWasteNOI_2" xml:lang="en" xlink:role="http://www.xbrl.org/2003/role/verboseLabel" id="label_IncomeOnDisposalOfIndustrialWasteNOI_2">Income on disposal of industrial waste-NOI</link:label>
    <link:labelArc xlink:type="arc" xlink:arcrole="http://www.xbrl.org/2003/arcrole/concept-label" xlink:from="IncomeOnDisposalOfIndustrialWasteNOI" xlink:to="label_IncomeOnDisposalOfIndustrialWasteNOI_2" />
    <link:label xlink:type="resource" xlink:label="label_IncreaseDecreaseInNetDefinedBenefitLiabilityOpeCF" xml:lang="en" xlink:role="http://www.xbrl.org/2003/role/label" id="label_IncreaseDecreaseInNetDefinedBenefitLiabilityOpeCF">Net defined benefit liability</link:label>
    <link:labelArc xlink:type="arc" xlink:arcrole="http://www.xbrl.org/2003/arcrole/concept-label" xlink:from="IncreaseDecreaseInNetDefinedBenefitLiabilityOpeCF" xlink:to="label_IncreaseDecreaseInNetDefinedBenefitLiabilityOpeCF" />
    <link:label xlink:type="resource" xlink:label="label_IncreaseDecreaseInNetDefinedBenefitLiabilityOpeCF_2" xml:lang="en" xlink:role="http://www.xbrl.org/2003/role/verboseLabel" id="label_IncreaseDecreaseInNetDefinedBenefitLiabilityOpeCF_2">Increase(decrease) in Net defined benefit liability-OpeCF</link:label>
    <link:labelArc xlink:type="arc" xlink:arcrole="http://www.xbrl.org/2003/arcrole/concept-label" xlink:from="IncreaseDecreaseInNetDefinedBenefitLiabilityOpeCF" xlink:to="label_IncreaseDecreaseInNetDefinedBenefitLiabilityOpeCF_2" />
    <link:label xlink:type="resource" xlink:label="label_MusicDistributionSgMember" xml:lang="en" xlink:role="http://www.xbrl.org/2003/role/label" id="label_MusicDistributionSgMember">MusicDistributionSg</link:label>
    <link:labelArc xlink:type="arc" xlink:arcrole="http://www.xbrl.org/2003/arcrole/concept-label" xlink:from="MusicDistributionSgMember" xlink:to="label_MusicDistributionSgMember" />
    <link:label xlink:type="resource" xlink:label="label_MusicDistributionSgMember_2" xml:lang="en" xlink:role="http://www.xbrl.org/2003/role/verboseLabel" id="label_MusicDistributionSgMember_2">MusicDistributionSg [member]</link:label>
    <link:labelArc xlink:type="arc" xlink:arcrole="http://www.xbrl.org/2003/arcrole/concept-label" xlink:from="MusicDistributionSgMember" xlink:to="label_MusicDistributionSgMember_2" />
    <link:label xlink:type="resource" xlink:label="label_BusinessSystemsSgMember" xml:lang="en" xlink:role="http://www.xbrl.org/2003/role/label" id="label_BusinessSystemsSgMember">BusinessSystemsSg</link:label>
    <link:labelArc xlink:type="arc" xlink:arcrole="http://www.xbrl.org/2003/arcrole/concept-label" xlink:from="BusinessSystemsSgMember" xlink:to="label_BusinessSystemsSgMember" />
    <link:label xlink:type="resource" xlink:label="label_BusinessSystemsSgMember_2" xml:lang="en" xlink:role="http://www.xbrl.org/2003/role/verboseLabel" id="label_BusinessSystemsSgMember_2">BusinessSystemsSg [member]</link:label>
    <link:labelArc xlink:type="arc" xlink:arcrole="http://www.xbrl.org/2003/arcrole/concept-label" xlink:from="BusinessSystemsSgMember" xlink:to="label_BusinessSystemsSgMember_2" />
    <link:label xlink:type="resource" xlink:label="label_ICTServicesSgMember" xml:lang="en" xlink:role="http://www.xbrl.org/2003/role/label" id="label_ICTServicesSgMember">ICTServicesSg</link:label>
    <link:labelArc xlink:type="arc" xlink:arcrole="http://www.xbrl.org/2003/arcrole/concept-label" xlink:from="ICTServicesSgMember" xlink:to="label_ICTServicesSgMember" />
    <link:label xlink:type="resource" xlink:label="label_ICTServicesSgMember_2" xml:lang="en" xlink:role="http://www.xbrl.org/2003/role/verboseLabel" id="label_ICTServicesSgMember_2">ICTServicesSg [member]</link:label>
    <link:labelArc xlink:type="arc" xlink:arcrole="http://www.xbrl.org/2003/arcrole/concept-label" xlink:from="ICTServicesSgMember" xlink:to="label_ICTServicesSgMember_2" />
  </link:labelLink>
</link:linkbase>