<?xml version="1.0" encoding="utf-8"?>
<!-- Generated by PRONEXUS WORKS -->
<link:linkbase xmlns:link="http://www.xbrl.org/2003/linkbase" xmlns:xsi="http://www.w3.org/2001/XMLSchema-instance" xmlns:xbrli="http://www.xbrl.org/2003/instance" xmlns:xlink="http://www.w3.org/1999/xlink">
  <link:labelLink xlink:type="extended" xlink:role="http://www.xbrl.org/2003/role/link">
    <link:loc xlink:type="locator" xlink:href="jpcrp040300-q2r-001_E04479-000_2015-02-28_01_2015-04-03.xsd#jpcrp040300-q2r_E04479-000_IncomeOnDisposalOfIndustrialWasteNOI" xlink:label="IncomeOnDisposalOfIndustrialWasteNOI" />
    <link:loc xlink:type="locator" xlink:href="jpcrp040300-q2r-001_E04479-000_2015-02-28_01_2015-04-03.xsd#jpcrp040300-q2r_E04479-000_InformationAboutImpairmentLossOfNonCurrentAssetsOrGoodwillEtcForEachReportableSegmentNATextBlock" xlink:label="InformationAboutImpairmentLossOfNonCurrentAssetsOrGoodwillEtcForEachReportableSegmentNATextBlock" />
    <link:loc xlink:type="locator" xlink:href="jpcrp040300-q2r-001_E04479-000_2015-02-28_01_2015-04-03.xsd#jpcrp040300-q2r_E04479-000_IncreaseDecreaseInNetDefinedBenefitLiabilityOpeCF" xlink:label="IncreaseDecreaseInNetDefinedBenefitLiabilityOpeCF" />
    <link:loc xlink:type="locator" xlink:href="jpcrp040300-q2r-001_E04479-000_2015-02-28_01_2015-04-03.xsd#jpcrp040300-q2r_E04479-000_MusicDistributionSgMember" xlink:label="MusicDistributionSgMember" />
    <link:loc xlink:type="locator" xlink:href="jpcrp040300-q2r-001_E04479-000_2015-02-28_01_2015-04-03.xsd#jpcrp040300-q2r_E04479-000_BusinessSystemsSgMember" xlink:label="BusinessSystemsSgMember" />
    <link:loc xlink:type="locator" xlink:href="jpcrp040300-q2r-001_E04479-000_2015-02-28_01_2015-04-03.xsd#jpcrp040300-q2r_E04479-000_ICTServicesSgMember" xlink:label="ICTServicesSgMember" />
    <link:label xlink:type="resource" xlink:label="label_InformationAboutImpairmentLossOfNonCurrentAssetsOrGoodwillEtcForEachReportableSegmentNATextBlock" xml:lang="ja" xlink:role="http://www.xbrl.org/2003/role/label" id="label_InformationAboutImpairmentLossOfNonCurrentAssetsOrGoodwillEtcForEachReportableSegmentNATextBlock">報告セグメントごとの固定資産の減損損失又はのれん等に関する情報（該当なし）</link:label>
    <link:labelArc xlink:type="arc" xlink:arcrole="http://www.xbrl.org/2003/arcrole/concept-label" xlink:from="InformationAboutImpairmentLossOfNonCurrentAssetsOrGoodwillEtcForEachReportableSegmentNATextBlock" xlink:to="label_InformationAboutImpairmentLossOfNonCurrentAssetsOrGoodwillEtcForEachReportableSegmentNATextBlock" />
    <link:label xlink:type="resource" xlink:label="label_InformationAboutImpairmentLossOfNonCurrentAssetsOrGoodwillEtcForEachReportableSegmentNATextBlock_2" xml:lang="ja" xlink:role="http://www.xbrl.org/2003/role/verboseLabel" id="label_InformationAboutImpairmentLossOfNonCurrentAssetsOrGoodwillEtcForEachReportableSegmentNATextBlock_2">報告セグメントごとの固定資産の減損損失又はのれん等に関する情報（該当なし） [テキストブロック]</link:label>
    <link:labelArc xlink:type="arc" xlink:arcrole="http://www.xbrl.org/2003/arcrole/concept-label" xlink:from="InformationAboutImpairmentLossOfNonCurrentAssetsOrGoodwillEtcForEachReportableSegmentNATextBlock" xlink:to="label_InformationAboutImpairmentLossOfNonCurrentAssetsOrGoodwillEtcForEachReportableSegmentNATextBlock_2" />
    <link:label xlink:type="resource" xlink:label="label_IncomeOnDisposalOfIndustrialWasteNOI" xml:lang="ja" xlink:role="http://www.xbrl.org/2003/role/label" id="label_IncomeOnDisposalOfIndustrialWasteNOI">産業廃棄物処理代</link:label>
    <link:labelArc xlink:type="arc" xlink:arcrole="http://www.xbrl.org/2003/arcrole/concept-label" xlink:from="IncomeOnDisposalOfIndustrialWasteNOI" xlink:to="label_IncomeOnDisposalOfIndustrialWasteNOI" />
    <link:label xlink:type="resource" xlink:label="label_IncomeOnDisposalOfIndustrialWasteNOI_2" xml:lang="ja" xlink:role="http://www.xbrl.org/2003/role/verboseLabel" id="label_IncomeOnDisposalOfIndustrialWasteNOI_2">産業廃棄物処理代、営業外収益</link:label>
    <link:labelArc xlink:type="arc" xlink:arcrole="http://www.xbrl.org/2003/arcrole/concept-label" xlink:from="IncomeOnDisposalOfIndustrialWasteNOI" xlink:to="label_IncomeOnDisposalOfIndustrialWasteNOI_2" />
    <link:label xlink:type="resource" xlink:label="label_IncreaseDecreaseInNetDefinedBenefitLiabilityOpeCF" xml:lang="ja" xlink:role="http://www.xbrl.org/2003/role/label" id="label_IncreaseDecreaseInNetDefinedBenefitLiabilityOpeCF">退職給付に係る負債の増減額（△は減少）</link:label>
    <link:labelArc xlink:type="arc" xlink:arcrole="http://www.xbrl.org/2003/arcrole/concept-label" xlink:from="IncreaseDecreaseInNetDefinedBenefitLiabilityOpeCF" xlink:to="label_IncreaseDecreaseInNetDefinedBenefitLiabilityOpeCF" />
    <link:label xlink:type="resource" xlink:label="label_IncreaseDecreaseInNetDefinedBenefitLiabilityOpeCF_2" xml:lang="ja" xlink:role="http://www.xbrl.org/2003/role/verboseLabel" id="label_IncreaseDecreaseInNetDefinedBenefitLiabilityOpeCF_2">退職給付に係る負債の増減額（△は減少）、営業活動によるキャッシュ・フロー</link:label>
    <link:labelArc xlink:type="arc" xlink:arcrole="http://www.xbrl.org/2003/arcrole/concept-label" xlink:from="IncreaseDecreaseInNetDefinedBenefitLiabilityOpeCF" xlink:to="label_IncreaseDecreaseInNetDefinedBenefitLiabilityOpeCF_2" />
    <link:label xlink:type="resource" xlink:label="label_MusicDistributionSgMember" xml:lang="ja" xlink:role="http://www.xbrl.org/2003/role/label" id="label_MusicDistributionSgMember">音楽配信事業</link:label>
    <link:labelArc xlink:type="arc" xlink:arcrole="http://www.xbrl.org/2003/arcrole/concept-label" xlink:from="MusicDistributionSgMember" xlink:to="label_MusicDistributionSgMember" />
    <link:label xlink:type="resource" xlink:label="label_MusicDistributionSgMember_2" xml:lang="ja" xlink:role="http://www.xbrl.org/2003/role/verboseLabel" id="label_MusicDistributionSgMember_2">音楽配信事業、報告セグメント [メンバー]</link:label>
    <link:labelArc xlink:type="arc" xlink:arcrole="http://www.xbrl.org/2003/arcrole/concept-label" xlink:from="MusicDistributionSgMember" xlink:to="label_MusicDistributionSgMember_2" />
    <link:label xlink:type="resource" xlink:label="label_BusinessSystemsSgMember" xml:lang="ja" xlink:role="http://www.xbrl.org/2003/role/label" id="label_BusinessSystemsSgMember">業務用システム事業</link:label>
    <link:labelArc xlink:type="arc" xlink:arcrole="http://www.xbrl.org/2003/arcrole/concept-label" xlink:from="BusinessSystemsSgMember" xlink:to="label_BusinessSystemsSgMember" />
    <link:label xlink:type="resource" xlink:label="label_BusinessSystemsSgMember_2" xml:lang="ja" xlink:role="http://www.xbrl.org/2003/role/verboseLabel" id="label_BusinessSystemsSgMember_2">業務用システム事業、報告セグメント [メンバー]</link:label>
    <link:labelArc xlink:type="arc" xlink:arcrole="http://www.xbrl.org/2003/arcrole/concept-label" xlink:from="BusinessSystemsSgMember" xlink:to="label_BusinessSystemsSgMember_2" />
    <link:label xlink:type="resource" xlink:label="label_ICTServicesSgMember" xml:lang="ja" xlink:role="http://www.xbrl.org/2003/role/label" id="label_ICTServicesSgMember">ＩＣＴ事業</link:label>
    <link:labelArc xlink:type="arc" xlink:arcrole="http://www.xbrl.org/2003/arcrole/concept-label" xlink:from="ICTServicesSgMember" xlink:to="label_ICTServicesSgMember" />
    <link:label xlink:type="resource" xlink:label="label_ICTServicesSgMember_2" xml:lang="ja" xlink:role="http://www.xbrl.org/2003/role/verboseLabel" id="label_ICTServicesSgMember_2">ＩＣＴ事業、報告セグメント [メンバー]</link:label>
    <link:labelArc xlink:type="arc" xlink:arcrole="http://www.xbrl.org/2003/arcrole/concept-label" xlink:from="ICTServicesSgMember" xlink:to="label_ICTServicesSgMember_2" />
  </link:labelLink>
</link:linkbase>