<?xml version="1.0" encoding="utf-8"?>
<!-- Generated by PRONEXUS WORKS -->
<link:linkbase xmlns:link="http://www.xbrl.org/2003/linkbase" xmlns:xsi="http://www.w3.org/2001/XMLSchema-instance" xmlns:xbrli="http://www.xbrl.org/2003/instance" xmlns:xlink="http://www.w3.org/1999/xlink">
  <link:labelLink xlink:type="extended" xlink:role="http://www.xbrl.org/2003/role/link">
    <link:loc xlink:type="locator" xlink:href="jpcrp040300-q2r-001_E03240-000_2015-02-20_01_2015-04-03.xsd#jpcrp040300-q2r_E03240-000_TrustAccountForPayableCL" xlink:label="TrustAccountForPayableCL" />
    <link:label xlink:type="resource" xlink:label="label_TrustAccountForPayableCL" xml:lang="en" xlink:role="http://www.xbrl.org/2003/role/label" id="label_TrustAccountForPayableCL">Trust account for payable</link:label>
    <link:labelArc xlink:type="arc" xlink:arcrole="http://www.xbrl.org/2003/arcrole/concept-label" xlink:from="TrustAccountForPayableCL" xlink:to="label_TrustAccountForPayableCL" />
    <link:label xlink:type="resource" xlink:label="label_TrustAccountForPayableCL_2" xml:lang="en" xlink:role="http://www.xbrl.org/2003/role/verboseLabel" id="label_TrustAccountForPayableCL_2">Trust account for payable-CL</link:label>
    <link:labelArc xlink:type="arc" xlink:arcrole="http://www.xbrl.org/2003/arcrole/concept-label" xlink:from="TrustAccountForPayableCL" xlink:to="label_TrustAccountForPayableCL_2" />
  </link:labelLink>
</link:linkbase>