<?xml version="1.0" encoding="utf-8"?>
<manifest xmlns="http://disclosure.edinet-fsa.go.jp/2013/manifest">
<tocComposition>
<title xml:lang="ja">提出本文書</title>
<title xml:lang="en">Main Document</title>
<item in="presentation" ref="jpcrp040300" extrole="http://disclosure.edinet-fsa.go.jp/role/jpcrp/rol_CabinetOfficeOrdinanceOnDisclosureOfCorporateInformationEtcFormNo43QuarterlySecuritiesReport" />
</tocComposition>
<list>
<instance id="jpcrp040300" type="PublicDoc" preferredFilename="jpcrp040300-q2r-001_E03240-000_2015-02-20_01_2015-04-03.xbrl">
<ixbrl>0000000_header_jpcrp040300-q2r-001_E03240-000_2015-02-20_01_2015-04-03_ixbrl.htm</ixbrl>
<ixbrl>0101010_honbun_jpcrp040300-q2r-001_E03240-000_2015-02-20_01_2015-04-03_ixbrl.htm</ixbrl>
<ixbrl>0102010_honbun_jpcrp040300-q2r-001_E03240-000_2015-02-20_01_2015-04-03_ixbrl.htm</ixbrl>
<ixbrl>0103010_honbun_jpcrp040300-q2r-001_E03240-000_2015-02-20_01_2015-04-03_ixbrl.htm</ixbrl>
<ixbrl>0104010_honbun_jpcrp040300-q2r-001_E03240-000_2015-02-20_01_2015-04-03_ixbrl.htm</ixbrl>
<ixbrl>0200010_honbun_jpcrp040300-q2r-001_E03240-000_2015-02-20_01_2015-04-03_ixbrl.htm</ixbrl>
</instance>
</list>
</manifest>