﻿<?xml version="1.0" encoding="utf-8"?>
<!-- Edited with XiRUTE .NET Library 01-06 -->
<link:linkbase xmlns:xlink="http://www.w3.org/1999/xlink" xmlns:xsi="http://www.w3.org/2001/XMLSchema-instance" xmlns:link="http://www.xbrl.org/2003/linkbase">
  <link:labelLink xlink:type="extended" xlink:role="http://www.xbrl.org/2003/role/link">
    <link:label xml:lang="ja" xlink:type="resource" xlink:label="jpcrp040300-q1r_E00855-000_ChemicalProductsReportableSegmentsMember_label" xlink:role="http://www.xbrl.org/2003/role/label">化成品事業</link:label>
    <link:label xml:lang="ja" xlink:type="resource" xlink:label="jpcrp040300-q1r_E00855-000_ChemicalProductsReportableSegmentsMember_label_1" xlink:role="http://www.xbrl.org/2003/role/verboseLabel">化成品事業、報告セグメント[メンバー]</link:label>
    <link:label xml:lang="ja" xlink:type="resource" xlink:label="jpcrp040300-q1r_E00855-000_ElectronicsMaterialsReportableSegmentsMember_label" xlink:role="http://www.xbrl.org/2003/role/label">電子材料事業</link:label>
    <link:label xml:lang="ja" xlink:type="resource" xlink:label="jpcrp040300-q1r_E00855-000_ElectronicsMaterialsReportableSegmentsMember_label_1" xlink:role="http://www.xbrl.org/2003/role/verboseLabel">電子材料事業、報告セグメント[メンバー]</link:label>
    <link:label xml:lang="ja" xlink:type="resource" xlink:label="jpcrp040300-q1r_E00855-000_ProvisionForLossOnRemovalOfNoncurrentAssetsNCL_label" xlink:role="http://www.xbrl.org/2003/role/label">固定資産撤去損失引当金</link:label>
    <link:label xml:lang="ja" xlink:type="resource" xlink:label="jpcrp040300-q1r_E00855-000_ProvisionForLossOnRemovalOfNoncurrentAssetsNCL_label_1" xlink:role="http://www.xbrl.org/2003/role/verboseLabel">固定資産撤去損失引当金、固定負債</link:label>
    <link:label xml:lang="ja" xlink:type="resource" xlink:label="jpcrp040300-q1r_E00855-000_ProvisionForLossOnRemovalOfNoncurrentAssetsNCL_label_2" xlink:role="http://www.xbrl.org/2003/role/documentation">固定資産撤去損失引当金、固定負債</link:label>
    <link:label xml:lang="ja" xlink:type="resource" xlink:label="jpcrp040300-q1r_E00855-000_SpecialtyChemicalsReportableSegmentsMember_label_1" xlink:role="http://www.xbrl.org/2003/role/label">機能化学品事業</link:label>
    <link:label xml:lang="ja" xlink:type="resource" xlink:label="jpcrp040300-q1r_E00855-000_SpecialtyChemicalsReportableSegmentsMember_label" xlink:role="http://www.xbrl.org/2003/role/verboseLabel">機能化学品事業、報告セグメント[メンバー]</link:label>
    <link:loc xlink:type="locator" xlink:href="jpcrp040300-q1r-001_E00855-000_2015-02-28_01_2015-04-03.xsd#jpcrp040300-q1r_E00855-000_ChemicalProductsReportableSegmentsMember" xlink:label="jpcrp040300-q1r_E00855-000_ChemicalProductsReportableSegmentsMember" />
    <link:loc xlink:type="locator" xlink:href="jpcrp040300-q1r-001_E00855-000_2015-02-28_01_2015-04-03.xsd#jpcrp040300-q1r_E00855-000_ElectronicsMaterialsReportableSegmentsMember" xlink:label="jpcrp040300-q1r_E00855-000_ElectronicsMaterialsReportableSegmentsMember" />
    <link:loc xlink:type="locator" xlink:href="jpcrp040300-q1r-001_E00855-000_2015-02-28_01_2015-04-03.xsd#jpcrp040300-q1r_E00855-000_ProvisionForLossOnRemovalOfNoncurrentAssetsNCL" xlink:label="jpcrp040300-q1r_E00855-000_ProvisionForLossOnRemovalOfNoncurrentAssetsNCL" />
    <link:loc xlink:type="locator" xlink:href="jpcrp040300-q1r-001_E00855-000_2015-02-28_01_2015-04-03.xsd#jpcrp040300-q1r_E00855-000_SpecialtyChemicalsReportableSegmentsMember" xlink:label="jpcrp040300-q1r_E00855-000_SpecialtyChemicalsReportableSegmentsMember" />
    <link:labelArc xlink:type="arc" xlink:from="jpcrp040300-q1r_E00855-000_ChemicalProductsReportableSegmentsMember" xlink:to="jpcrp040300-q1r_E00855-000_ChemicalProductsReportableSegmentsMember_label_1" xlink:arcrole="http://www.xbrl.org/2003/arcrole/concept-label" order="1" />
    <link:labelArc xlink:type="arc" xlink:from="jpcrp040300-q1r_E00855-000_ChemicalProductsReportableSegmentsMember" xlink:to="jpcrp040300-q1r_E00855-000_ChemicalProductsReportableSegmentsMember_label" xlink:arcrole="http://www.xbrl.org/2003/arcrole/concept-label" order="1" />
    <link:labelArc xlink:type="arc" xlink:from="jpcrp040300-q1r_E00855-000_ElectronicsMaterialsReportableSegmentsMember" xlink:to="jpcrp040300-q1r_E00855-000_ElectronicsMaterialsReportableSegmentsMember_label_1" xlink:arcrole="http://www.xbrl.org/2003/arcrole/concept-label" order="1" />
    <link:labelArc xlink:type="arc" xlink:from="jpcrp040300-q1r_E00855-000_ElectronicsMaterialsReportableSegmentsMember" xlink:to="jpcrp040300-q1r_E00855-000_ElectronicsMaterialsReportableSegmentsMember_label" xlink:arcrole="http://www.xbrl.org/2003/arcrole/concept-label" order="1" />
    <link:labelArc xlink:type="arc" xlink:from="jpcrp040300-q1r_E00855-000_ProvisionForLossOnRemovalOfNoncurrentAssetsNCL" xlink:to="jpcrp040300-q1r_E00855-000_ProvisionForLossOnRemovalOfNoncurrentAssetsNCL_label_2" xlink:arcrole="http://www.xbrl.org/2003/arcrole/concept-label" order="1" />
    <link:labelArc xlink:type="arc" xlink:from="jpcrp040300-q1r_E00855-000_ProvisionForLossOnRemovalOfNoncurrentAssetsNCL" xlink:to="jpcrp040300-q1r_E00855-000_ProvisionForLossOnRemovalOfNoncurrentAssetsNCL_label_1" xlink:arcrole="http://www.xbrl.org/2003/arcrole/concept-label" order="1" />
    <link:labelArc xlink:type="arc" xlink:from="jpcrp040300-q1r_E00855-000_ProvisionForLossOnRemovalOfNoncurrentAssetsNCL" xlink:to="jpcrp040300-q1r_E00855-000_ProvisionForLossOnRemovalOfNoncurrentAssetsNCL_label" xlink:arcrole="http://www.xbrl.org/2003/arcrole/concept-label" order="1" />
    <link:labelArc xlink:type="arc" xlink:from="jpcrp040300-q1r_E00855-000_SpecialtyChemicalsReportableSegmentsMember" xlink:to="jpcrp040300-q1r_E00855-000_SpecialtyChemicalsReportableSegmentsMember_label" xlink:arcrole="http://www.xbrl.org/2003/arcrole/concept-label" order="1" />
    <link:labelArc xlink:type="arc" xlink:from="jpcrp040300-q1r_E00855-000_SpecialtyChemicalsReportableSegmentsMember" xlink:to="jpcrp040300-q1r_E00855-000_SpecialtyChemicalsReportableSegmentsMember_label_1" xlink:arcrole="http://www.xbrl.org/2003/arcrole/concept-label" order="1" />
  </link:labelLink>
</link:linkbase>